"sample_id","chr","pos","muttype"
"A3B","chr1",1052280,"C>T"
"A3B","chr1",1052292,"C>T"
"A3B","chr1",1052513,"C>T"
"A3B","chr1",1052649,"C>T"
"A3B","chr1",1052910,"C>T"
"A3B","chr1",1053049,"C>T"
"A3B","chr1",1104633,"T>C"
"A3B","chr1",1239343,"T>C"
"A3B","chr1",1353406,"G>A"
"A3B","chr1",1387027,"G>A"
"A3B","chr1",1768308,"T>C"
"A3B","chr1",1768320,"T>C"
"A3B","chr1",1813615,"T>C"
"A3B","chr1",1836468,"T>C"
"A3B","chr1",1871446,"T>C"
"A3B","chr1",2392693,"C>T"
"A3B","chr1",2394477,"C>T"
"A3B","chr1",6651242,"G>A"
"A3B","chr1",8443962,"T>C"
"A3B","chr1",8742649,"T>C"
"A3B","chr1",8861233,"G>A"
"A3B","chr1",9101599,"T>C"
"A3B","chr1",9176177,"T>C"
"A3B","chr1",9820116,"T>C"
"A3B","chr1",9948501,"A>G"
"A3B","chr1",10570917,"A>G"
"A3B","chr1",12239831,"C>T"
"A3B","chr1",12608104,"T>C"
"A3B","chr1",16229493,"T>C"
"A3B","chr1",16972687,"C>T"
"A3B","chr1",19339100,"G>A"
"A3B","chr1",19721284,"T>C"
"A3B","chr1",19762013,"G>A"
"A3B","chr1",20655484,"G>A"
"A3B","chr1",20927182,"T>C"
"A3B","chr1",20954473,"T>C"
"A3B","chr1",21123489,"T>C"
"A3B","chr1",21169385,"T>C"
"A3B","chr1",21750668,"T>C"
"A3B","chr1",23022736,"A>G"
"A3B","chr1",23970037,"G>A"
"A3B","chr1",25242518,"G>A"
"A3B","chr1",25243984,"G>A"
"A3B","chr1",26429153,"A>G"
"A3B","chr1",26939530,"A>G"
"A3B","chr1",27479370,"T>C"
"A3B","chr1",27666336,"G>A"
"A3B","chr1",28069458,"T>C"
"A3B","chr1",28506777,"C>T"
"A3B","chr1",28576967,"A>G"
"A3B","chr1",28576981,"A>G"
"A3B","chr1",29170050,"G>A"
"A3B","chr1",31421704,"C>T"
"A3B","chr1",32057200,"A>G"
"A3B","chr1",32788382,"T>C"
"A3B","chr1",32794085,"T>C"
"A3B","chr1",33023306,"T>C"
"A3B","chr1",33265458,"C>T"
"A3B","chr1",35089064,"A>G"
"A3B","chr1",35184109,"G>A"
"A3B","chr1",35271888,"A>G"
"A3B","chr1",36233979,"A>G"
"A3B","chr1",36799379,"G>A"
"A3B","chr1",37456444,"T>C"
"A3B","chr1",37499144,"T>C"
"A3B","chr1",39049930,"A>G"
"A3B","chr1",39753041,"C>T"
"A3B","chr1",43273732,"C>T"
"A3B","chr1",43551864,"A>G"
"A3B","chr1",43594954,"C>T"
"A3B","chr1",45554307,"A>G"
"A3B","chr1",45937383,"A>G"
"A3B","chr1",46034850,"C>T"
"A3B","chr1",46085977,"T>C"
"A3B","chr1",46087713,"T>C"
"A3B","chr1",50931678,"T>C"
"A3B","chr1",51328130,"T>C"
"A3B","chr1",51330095,"T>C"
"A3B","chr1",51378406,"T>C"
"A3B","chr1",52144198,"A>G"
"A3B","chr1",52305544,"A>G"
"A3B","chr1",52433171,"T>C"
"A3B","chr1",52737117,"A>G"
"A3B","chr1",52883392,"A>G"
"A3B","chr1",53230734,"T>C"
"A3B","chr1",54216942,"C>T"
"A3B","chr1",58656096,"G>A"
"A3B","chr1",61103050,"C>T"
"A3B","chr1",61118358,"C>T"
"A3B","chr1",61820159,"A>G"
"A3B","chr1",61851325,"C>T"
"A3B","chr1",61918734,"A>G"
"A3B","chr1",62111684,"A>G"
"A3B","chr1",62450824,"C>T"
"A3B","chr1",77708931,"T>C"
"A3B","chr1",77708945,"T>C"
"A3B","chr1",77962826,"G>A"
"A3B","chr1",85256124,"T>C"
"A3B","chr1",86900805,"T>C"
"A3B","chr1",94439889,"A>G"
"A3B","chr1",100284850,"A>G"
"A3B","chr1",109094769,"C>T"
"A3B","chr1",109171270,"A>G"
"A3B","chr1",109381622,"T>C"
"A3B","chr1",109731805,"C>T"
"A3B","chr1",111193217,"G>A"
"A3B","chr1",114500431,"T>C"
"A3B","chr1",117049575,"G>A"
"A3B","chr1",117101851,"C>T"
"A3B","chr1",147179524,"A>G"
"A3B","chr1",149900377,"C>T"
"A3B","chr1",150341869,"A>G"
"A3B","chr1",150604679,"G>A"
"A3B","chr1",150620239,"G>A"
"A3B","chr1",150620533,"G>A"
"A3B","chr1",150674698,"T>C"
"A3B","chr1",150683673,"T>C"
"A3B","chr1",150854486,"T>C"
"A3B","chr1",150869832,"T>C"
"A3B","chr1",150966086,"G>A"
"A3B","chr1",151181701,"T>C"
"A3B","chr1",151215966,"C>T"
"A3B","chr1",151403477,"G>A"
"A3B","chr1",151543729,"C>T"
"A3B","chr1",153859334,"T>C"
"A3B","chr1",153876758,"T>C"
"A3B","chr1",153899249,"T>C"
"A3B","chr1",153899251,"T>C"
"A3B","chr1",153903977,"T>C"
"A3B","chr1",153903983,"T>C"
"A3B","chr1",153961620,"G>A"
"A3B","chr1",154208818,"T>C"
"A3B","chr1",154261755,"C>T"
"A3B","chr1",154590892,"T>C"
"A3B","chr1",154924428,"T>C"
"A3B","chr1",155017357,"A>G"
"A3B","chr1",155018314,"C>T"
"A3B","chr1",155225540,"T>C"
"A3B","chr1",155359252,"T>C"
"A3B","chr1",155421163,"T>C"
"A3B","chr1",155478871,"G>A"
"A3B","chr1",155543937,"T>C"
"A3B","chr1",155552486,"T>C"
"A3B","chr1",155559282,"T>C"
"A3B","chr1",155813356,"T>C"
"A3B","chr1",155964320,"T>C"
"A3B","chr1",155991271,"T>C"
"A3B","chr1",155991567,"T>C"
"A3B","chr1",155994515,"T>C"
"A3B","chr1",156075913,"T>C"
"A3B","chr1",156089001,"A>G"
"A3B","chr1",156182536,"A>G"
"A3B","chr1",156250079,"G>A"
"A3B","chr1",156303398,"T>C"
"A3B","chr1",161135850,"A>G"
"A3B","chr1",164564482,"C>T"
"A3B","chr1",164565100,"C>T"
"A3B","chr1",164574392,"C>T"
"A3B","chr1",164579449,"C>T"
"A3B","chr1",164583588,"C>T"
"A3B","chr1",164606647,"C>T"
"A3B","chr1",164611286,"A>G"
"A3B","chr1",164651401,"C>T"
"A3B","chr1",164666401,"C>T"
"A3B","chr1",164681641,"C>T"
"A3B","chr1",164702515,"C>T"
"A3B","chr1",166870822,"T>C"
"A3B","chr1",167541615,"G>A"
"A3B","chr1",173488029,"C>T"
"A3B","chr1",173800782,"T>C"
"A3B","chr1",173864451,"G>A"
"A3B","chr1",175967285,"T>C"
"A3B","chr1",176012180,"T>C"
"A3B","chr1",179849712,"T>C"
"A3B","chr1",183136518,"C>T"
"A3B","chr1",184693729,"G>A"
"A3B","chr1",193059747,"C>T"
"A3B","chr1",193069441,"C>T"
"A3B","chr1",202005745,"C>T"
"A3B","chr1",202941401,"G>A"
"A3B","chr1",203820595,"A>G"
"A3B","chr1",203854008,"C>T"
"A3B","chr1",203868701,"A>G"
"A3B","chr1",204136118,"A>G"
"A3B","chr1",204221472,"G>A"
"A3B","chr1",204225600,"G>A"
"A3B","chr1",204234274,"T>C"
"A3B","chr1",204403778,"G>A"
"A3B","chr1",204411008,"G>A"
"A3B","chr1",209431106,"C>T"
"A3B","chr1",214326511,"C>T"
"A3B","chr1",214663675,"C>T"
"A3B","chr1",215187001,"A>G"
"A3B","chr1",215478212,"T>C"
"A3B","chr1",215599919,"C>T"
"A3B","chr1",220100626,"C>T"
"A3B","chr1",220121829,"A>G"
"A3B","chr1",223736052,"A>G"
"A3B","chr1",223767015,"C>T"
"A3B","chr1",224185134,"A>G"
"A3B","chr1",224191442,"A>G"
"A3B","chr1",224296109,"T>C"
"A3B","chr1",224302847,"T>C"
"A3B","chr1",224316401,"T>C"
"A3B","chr1",224385980,"G>A"
"A3B","chr1",224388475,"G>A"
"A3B","chr1",224425338,"G>A"
"A3B","chr1",224469180,"A>G"
"A3B","chr1",224947192,"A>G"
"A3B","chr1",225419444,"G>A"
"A3B","chr1",225495198,"G>A"
"A3B","chr1",225560630,"T>C"
"A3B","chr1",225622403,"T>C"
"A3B","chr1",225636641,"T>C"
"A3B","chr1",225785929,"A>G"
"A3B","chr1",228274290,"C>T"
"A3B","chr1",228431608,"A>G"
"A3B","chr1",232490067,"T>C"
"A3B","chr1",235111808,"G>A"
"A3B","chr1",235343773,"C>T"
"A3B","chr1",235402676,"A>G"
"A3B","chr1",236544033,"T>C"
"A3B","chr1",241508745,"G>A"
"A3B","chr1",244669049,"A>G"
"A3B","chr1",244703459,"A>G"
"A3B","chr1",244842369,"G>A"
"A3B","chr2",10129277,"C>T"
"A3B","chr2",10638279,"T>C"
"A3B","chr2",11559034,"C>T"
"A3B","chr2",11560888,"C>T"
"A3B","chr2",11586786,"C>T"
"A3B","chr2",11640847,"C>T"
"A3B","chr2",11641361,"C>T"
"A3B","chr2",11641897,"C>T"
"A3B","chr2",15521330,"T>C"
"A3B","chr2",23841471,"T>C"
"A3B","chr2",24133814,"A>G"
"A3B","chr2",26039804,"A>G"
"A3B","chr2",26060550,"A>G"
"A3B","chr2",27357897,"A>G"
"A3B","chr2",27389887,"T>C"
"A3B","chr2",37104881,"T>C"
"A3B","chr2",37213687,"T>C"
"A3B","chr2",38068374,"G>A"
"A3B","chr2",39105376,"T>C"
"A3B","chr2",44210500,"A>G"
"A3B","chr2",47482636,"C>T"
"A3B","chr2",54972569,"G>A"
"A3B","chr2",54973109,"G>A"
"A3B","chr2",54977934,"G>A"
"A3B","chr2",55227435,"T>C"
"A3B","chr2",58172547,"T>C"
"A3B","chr2",58172582,"T>C"
"A3B","chr2",61336407,"T>C"
"A3B","chr2",61448229,"T>C"
"A3B","chr2",61533855,"G>A"
"A3B","chr2",64551824,"C>T"
"A3B","chr2",64555486,"A>G"
"A3B","chr2",65259034,"A>G"
"A3B","chr2",65312303,"C>T"
"A3B","chr2",68212360,"T>C"
"A3B","chr2",70072318,"T>C"
"A3B","chr2",70221464,"T>C"
"A3B","chr2",70506791,"T>C"
"A3B","chr2",70513935,"G>A"
"A3B","chr2",71131310,"A>G"
"A3B","chr2",71332096,"C>T"
"A3B","chr2",71345694,"A>G"
"A3B","chr2",73835102,"A>G"
"A3B","chr2",74208631,"C>T"
"A3B","chr2",74459199,"C>T"
"A3B","chr2",84906419,"C>T"
"A3B","chr2",85029226,"A>G"
"A3B","chr2",85321573,"G>A"
"A3B","chr2",86137885,"C>T"
"A3B","chr2",86144236,"G>A"
"A3B","chr2",96808162,"A>G"
"A3B","chr2",98521663,"A>G"
"A3B","chr2",98521670,"A>G"
"A3B","chr2",99550197,"G>A"
"A3B","chr2",100074227,"G>A"
"A3B","chr2",102688466,"A>G"
"A3B","chr2",105382442,"G>A"
"A3B","chr2",105893853,"C>T"
"A3B","chr2",108551054,"A>G"
"A3B","chr2",112236836,"T>C"
"A3B","chr2",120059802,"A>G"
"A3B","chr2",120403549,"C>T"
"A3B","chr2",121729625,"T>C"
"A3B","chr2",127270160,"T>C"
"A3B","chr2",127740374,"G>A"
"A3B","chr2",127780754,"T>C"
"A3B","chr2",127793523,"T>C"
"A3B","chr2",127796554,"T>C"
"A3B","chr2",127801261,"T>C"
"A3B","chr2",131080403,"T>C"
"A3B","chr2",131089239,"T>C"
"A3B","chr2",131487261,"T>C"
"A3B","chr2",152162527,"T>C"
"A3B","chr2",158481395,"A>G"
"A3B","chr2",158496758,"C>T"
"A3B","chr2",164833348,"T>C"
"A3B","chr2",169835236,"A>G"
"A3B","chr2",173936163,"T>C"
"A3B","chr2",173940108,"T>C"
"A3B","chr2",182990281,"T>C"
"A3B","chr2",182990317,"T>C"
"A3B","chr2",189747118,"T>C"
"A3B","chr2",190238561,"T>C"
"A3B","chr2",201056424,"T>C"
"A3B","chr2",202285603,"A>G"
"A3B","chr2",202404856,"A>G"
"A3B","chr2",202428659,"A>G"
"A3B","chr2",203029270,"A>G"
"A3B","chr2",203384545,"A>G"
"A3B","chr2",206134963,"T>C"
"A3B","chr2",212336646,"G>A"
"A3B","chr2",212431874,"G>A"
"A3B","chr2",212516876,"G>A"
"A3B","chr2",212536513,"G>A"
"A3B","chr2",216674993,"G>A"
"A3B","chr2",216676344,"G>A"
"A3B","chr2",218659987,"C>T"
"A3B","chr2",219236857,"T>C"
"A3B","chr2",229879240,"T>C"
"A3B","chr2",231047420,"A>G"
"A3B","chr2",231769738,"T>C"
"A3B","chr2",232582727,"C>T"
"A3B","chr2",232635801,"A>G"
"A3B","chr2",232661027,"A>G"
"A3B","chr2",232857535,"C>T"
"A3B","chr2",232878817,"T>C"
"A3B","chr2",233367966,"A>G"
"A3B","chr2",235517163,"C>T"
"A3B","chr2",235637556,"A>G"
"A3B","chr2",237512828,"C>T"
"A3B","chr2",237512866,"C>T"
"A3B","chr2",237513030,"C>T"
"A3B","chr2",237514683,"C>T"
"A3B","chr2",237515461,"C>T"
"A3B","chr2",237515813,"A>G"
"A3B","chr2",237515827,"A>G"
"A3B","chr2",241167111,"C>T"
"A3B","chr2",241331161,"A>G"
"A3B","chr2",241594847,"T>C"
"A3B","chr2",241687513,"C>T"
"A3B","chr3",8416981,"T>C"
"A3B","chr3",9464778,"C>T"
"A3B","chr3",9476939,"C>T"
"A3B","chr3",9894924,"A>G"
"A3B","chr3",9947899,"T>C"
"A3B","chr3",10151674,"A>G"
"A3B","chr3",11808304,"G>A"
"A3B","chr3",12590521,"T>C"
"A3B","chr3",12617495,"T>C"
"A3B","chr3",14198054,"C>T"
"A3B","chr3",18405662,"G>A"
"A3B","chr3",18468558,"A>G"
"A3B","chr3",20180114,"T>C"
"A3B","chr3",23249015,"A>G"
"A3B","chr3",23921714,"A>G"
"A3B","chr3",31976515,"T>C"
"A3B","chr3",33013760,"T>C"
"A3B","chr3",37000461,"A>G"
"A3B","chr3",37044423,"A>G"
"A3B","chr3",37270237,"A>G"
"A3B","chr3",37274450,"A>G"
"A3B","chr3",37282219,"C>T"
"A3B","chr3",39102334,"G>A"
"A3B","chr3",39104323,"G>A"
"A3B","chr3",39409475,"A>G"
"A3B","chr3",42527856,"C>T"
"A3B","chr3",43421352,"T>C"
"A3B","chr3",45680709,"A>G"
"A3B","chr3",47153085,"T>C"
"A3B","chr3",47344505,"C>T"
"A3B","chr3",47463692,"T>C"
"A3B","chr3",47492225,"T>C"
"A3B","chr3",47770563,"T>C"
"A3B","chr3",47770571,"T>C"
"A3B","chr3",47838897,"A>G"
"A3B","chr3",47993264,"T>C"
"A3B","chr3",48706334,"T>C"
"A3B","chr3",48928112,"C>T"
"A3B","chr3",48933200,"A>G"
"A3B","chr3",49042374,"T>C"
"A3B","chr3",49100431,"G>A"
"A3B","chr3",49320009,"T>C"
"A3B","chr3",49330157,"T>C"
"A3B","chr3",49359890,"T>C"
"A3B","chr3",49383989,"T>C"
"A3B","chr3",49477022,"A>G"
"A3B","chr3",49771279,"T>C"
"A3B","chr3",49773956,"T>C"
"A3B","chr3",49777557,"T>C"
"A3B","chr3",49989742,"A>G"
"A3B","chr3",50040907,"A>G"
"A3B","chr3",50175838,"C>T"
"A3B","chr3",51654310,"A>G"
"A3B","chr3",51980846,"T>C"
"A3B","chr3",51993816,"G>A"
"A3B","chr3",52386174,"C>T"
"A3B","chr3",57687078,"T>C"
"A3B","chr3",58321070,"A>G"
"A3B","chr3",65587676,"T>C"
"A3B","chr3",65734348,"T>C"
"A3B","chr3",69079449,"C>T"
"A3B","chr3",99823277,"A>G"
"A3B","chr3",100728762,"C>T"
"A3B","chr3",101334050,"T>C"
"A3B","chr3",105376065,"C>T"
"A3B","chr3",105442853,"A>G"
"A3B","chr3",105442859,"A>G"
"A3B","chr3",107809231,"C>T"
"A3B","chr3",113512688,"T>C"
"A3B","chr3",120332958,"T>C"
"A3B","chr3",120602228,"C>T"
"A3B","chr3",123549545,"T>C"
"A3B","chr3",123592509,"A>G"
"A3B","chr3",123953152,"G>A"
"A3B","chr3",125363739,"T>C"
"A3B","chr3",125364382,"T>C"
"A3B","chr3",127678940,"A>G"
"A3B","chr3",128071406,"A>G"
"A3B","chr3",128495276,"C>T"
"A3B","chr3",128497470,"C>T"
"A3B","chr3",128734794,"C>T"
"A3B","chr3",128781570,"A>G"
"A3B","chr3",128887563,"A>G"
"A3B","chr3",129185712,"A>G"
"A3B","chr3",129199320,"A>G"
"A3B","chr3",129201583,"A>G"
"A3B","chr3",129269485,"A>G"
"A3B","chr3",130720912,"T>C"
"A3B","chr3",132422271,"A>G"
"A3B","chr3",133587639,"C>T"
"A3B","chr3",136169934,"T>C"
"A3B","chr3",136669408,"T>C"
"A3B","chr3",136709178,"T>C"
"A3B","chr3",138721437,"T>C"
"A3B","chr3",138790441,"T>C"
"A3B","chr3",138810980,"T>C"
"A3B","chr3",138811196,"T>C"
"A3B","chr3",140963755,"C>T"
"A3B","chr3",141430319,"A>G"
"A3B","chr3",141896118,"A>G"
"A3B","chr3",141919307,"A>G"
"A3B","chr3",142194167,"T>C"
"A3B","chr3",142203518,"T>C"
"A3B","chr3",142332009,"T>C"
"A3B","chr3",142612629,"A>G"
"A3B","chr3",143051453,"C>T"
"A3B","chr3",144003070,"A>G"
"A3B","chr3",149067617,"T>C"
"A3B","chr3",149140104,"C>T"
"A3B","chr3",149286159,"C>T"
"A3B","chr3",150586131,"T>C"
"A3B","chr3",150704189,"T>C"
"A3B","chr3",157145246,"T>C"
"A3B","chr3",158692071,"C>T"
"A3B","chr3",160434383,"C>T"
"A3B","chr3",169611375,"G>A"
"A3B","chr3",169992885,"C>T"
"A3B","chr3",170051957,"A>G"
"A3B","chr3",172816736,"C>T"
"A3B","chr3",172821183,"C>T"
"A3B","chr3",174441438,"A>G"
"A3B","chr3",179397623,"T>C"
"A3B","chr3",179598207,"T>C"
"A3B","chr3",180976609,"C>T"
"A3B","chr3",183037304,"G>A"
"A3B","chr3",183071043,"G>A"
"A3B","chr3",183417953,"T>C"
"A3B","chr3",183637663,"A>G"
"A3B","chr3",183818215,"G>A"
"A3B","chr3",184184371,"A>G"
"A3B","chr3",184897024,"C>T"
"A3B","chr3",184907145,"C>T"
"A3B","chr3",184911703,"C>T"
"A3B","chr3",184912697,"C>T"
"A3B","chr3",184912839,"C>T"
"A3B","chr3",184915373,"C>T"
"A3B","chr3",184927396,"C>T"
"A3B","chr3",184927849,"C>T"
"A3B","chr3",184930084,"C>T"
"A3B","chr3",184931074,"C>T"
"A3B","chr3",184943062,"C>T"
"A3B","chr3",184952457,"C>T"
"A3B","chr3",184985776,"C>T"
"A3B","chr3",185028523,"C>T"
"A3B","chr3",185033290,"C>T"
"A3B","chr3",185049891,"C>T"
"A3B","chr3",185543697,"T>C"
"A3B","chr3",185545694,"T>C"
"A3B","chr3",185593312,"A>G"
"A3B","chr3",185606376,"C>T"
"A3B","chr3",186783605,"C>T"
"A3B","chr3",186791790,"G>A"
"A3B","chr3",186795040,"T>C"
"A3B","chr3",188623532,"A>G"
"A3B","chr3",190307264,"G>A"
"A3B","chr3",190319029,"G>A"
"A3B","chr3",192871126,"G>A"
"A3B","chr3",192894029,"T>C"
"A3B","chr3",192915102,"G>A"
"A3B","chr3",194437166,"G>A"
"A3B","chr3",194462201,"G>A"
"A3B","chr3",194510631,"A>G"
"A3B","chr3",194619390,"T>C"
"A3B","chr3",195248207,"T>C"
"A3B","chr3",195326543,"G>A"
"A3B","chr3",195527806,"T>C"
"A3B","chr3",195891893,"G>A"
"A3B","chr3",195901574,"T>C"
"A3B","chr3",196052134,"G>A"
"A3B","chr3",196291679,"T>C"
"A3B","chr3",196314818,"T>C"
"A3B","chr3",196354561,"G>A"
"A3B","chr3",196910620,"A>G"
"A3B","chr3",196918576,"C>T"
"A3B","chr3",196940359,"T>C"
"A3B","chr3",197043836,"G>A"
"A3B","chr3",197126231,"T>C"
"A3B","chr3",197262044,"G>A"
"A3B","chr3",197512159,"G>A"
"A3B","chr3",197672098,"G>A"
"A3B","chr3",197874316,"A>G"
"A3B","chr3",197884177,"A>G"
"A3B","chr3",197941761,"T>C"
"A3B","chr3",197941789,"T>C"
"A3B","chr4",64280,"A>G"
"A3B","chr4",351257,"A>G"
"A3B","chr4",672467,"G>A"
"A3B","chr4",778631,"T>C"
"A3B","chr4",781390,"T>C"
"A3B","chr4",868868,"G>A"
"A3B","chr4",998261,"A>G"
"A3B","chr4",1229934,"T>C"
"A3B","chr4",1231545,"T>C"
"A3B","chr4",1324055,"C>T"
"A3B","chr4",1371318,"C>T"
"A3B","chr4",1371456,"C>T"
"A3B","chr4",1807425,"C>T"
"A3B","chr4",2520306,"A>G"
"A3B","chr4",2550211,"A>G"
"A3B","chr4",2562432,"A>G"
"A3B","chr4",2576442,"A>G"
"A3B","chr4",2586677,"A>G"
"A3B","chr4",2705840,"A>G"
"A3B","chr4",3265822,"A>G"
"A3B","chr4",6460427,"T>C"
"A3B","chr4",6639477,"T>C"
"A3B","chr4",17626690,"A>G"
"A3B","chr4",17988042,"T>C"
"A3B","chr4",37536048,"C>T"
"A3B","chr4",37595665,"C>T"
"A3B","chr4",39705724,"A>G"
"A3B","chr4",39717113,"A>G"
"A3B","chr4",39831974,"T>C"
"A3B","chr4",39896318,"T>C"
"A3B","chr4",40495494,"T>C"
"A3B","chr4",40626962,"G>A"
"A3B","chr4",40941255,"G>A"
"A3B","chr4",48835670,"A>G"
"A3B","chr4",56474802,"A>G"
"A3B","chr4",67509002,"C>T"
"A3B","chr4",73129523,"T>C"
"A3B","chr4",73148932,"G>A"
"A3B","chr4",76614074,"A>G"
"A3B","chr4",86995203,"A>G"
"A3B","chr4",98886511,"T>C"
"A3B","chr4",108002018,"A>G"
"A3B","chr4",115633450,"C>T"
"A3B","chr4",115752629,"C>T"
"A3B","chr4",115824985,"A>G"
"A3B","chr4",118278762,"C>T"
"A3B","chr4",118787800,"T>C"
"A3B","chr4",127992764,"A>G"
"A3B","chr4",128085495,"A>G"
"A3B","chr4",128085499,"A>G"
"A3B","chr4",139033992,"A>G"
"A3B","chr4",150629862,"T>C"
"A3B","chr4",150793196,"T>C"
"A3B","chr4",182553224,"A>G"
"A3B","chr4",183292419,"A>G"
"A3B","chr5",1103508,"G>A"
"A3B","chr5",1364833,"T>C"
"A3B","chr5",1463798,"G>A"
"A3B","chr5",1468635,"G>A"
"A3B","chr5",1486105,"T>C"
"A3B","chr5",6626630,"T>C"
"A3B","chr5",10434387,"C>T"
"A3B","chr5",10434832,"C>T"
"A3B","chr5",32104453,"T>C"
"A3B","chr5",32104638,"T>C"
"A3B","chr5",32601019,"C>T"
"A3B","chr5",35047246,"T>C"
"A3B","chr5",35057221,"G>A"
"A3B","chr5",35058226,"G>A"
"A3B","chr5",35058669,"G>A"
"A3B","chr5",35059362,"G>A"
"A3B","chr5",35059584,"G>A"
"A3B","chr5",35060772,"G>A"
"A3B","chr5",35063572,"G>A"
"A3B","chr5",35065829,"G>A"
"A3B","chr5",35066054,"G>A"
"A3B","chr5",35073183,"G>A"
"A3B","chr5",35084832,"G>A"
"A3B","chr5",35085824,"G>A"
"A3B","chr5",35088117,"G>A"
"A3B","chr5",35092120,"G>A"
"A3B","chr5",35112149,"G>A"
"A3B","chr5",35118077,"G>A"
"A3B","chr5",35128146,"T>C"
"A3B","chr5",35163371,"G>A"
"A3B","chr5",35203134,"G>A"
"A3B","chr5",35212284,"G>A"
"A3B","chr5",35212654,"G>A"
"A3B","chr5",35215281,"G>A"
"A3B","chr5",35229312,"G>A"
"A3B","chr5",35229425,"G>A"
"A3B","chr5",39059325,"T>C"
"A3B","chr5",40826641,"G>A"
"A3B","chr5",43038684,"T>C"
"A3B","chr5",43128775,"A>G"
"A3B","chr5",53001653,"A>G"
"A3B","chr5",55310911,"A>G"
"A3B","chr5",55980929,"T>C"
"A3B","chr5",57220728,"A>G"
"A3B","chr5",57247538,"A>G"
"A3B","chr5",62314066,"A>G"
"A3B","chr5",62322653,"A>G"
"A3B","chr5",66154620,"C>T"
"A3B","chr5",66155542,"C>T"
"A3B","chr5",69206601,"A>G"
"A3B","chr5",69224659,"A>G"
"A3B","chr5",69238561,"A>G"
"A3B","chr5",69300099,"G>A"
"A3B","chr5",69524130,"A>G"
"A3B","chr5",71557803,"A>G"
"A3B","chr5",73012359,"A>G"
"A3B","chr5",73047860,"A>G"
"A3B","chr5",74745088,"T>C"
"A3B","chr5",78166081,"T>C"
"A3B","chr5",78398903,"A>G"
"A3B","chr5",79230681,"T>C"
"A3B","chr5",79257863,"A>G"
"A3B","chr5",80413155,"A>G"
"A3B","chr5",81277051,"T>C"
"A3B","chr5",82277835,"G>A"
"A3B","chr5",96770553,"C>T"
"A3B","chr5",97034028,"C>T"
"A3B","chr5",103260049,"C>T"
"A3B","chr5",107490452,"G>A"
"A3B","chr5",107633788,"G>A"
"A3B","chr5",112887100,"G>A"
"A3B","chr5",112986612,"A>G"
"A3B","chr5",112987484,"A>G"
"A3B","chr5",113005815,"C>T"
"A3B","chr5",117469732,"C>T"
"A3B","chr5",122804571,"A>G"
"A3B","chr5",122882084,"A>G"
"A3B","chr5",131453577,"T>C"
"A3B","chr5",131648288,"T>C"
"A3B","chr5",132756748,"G>A"
"A3B","chr5",132916011,"T>C"
"A3B","chr5",134205956,"G>A"
"A3B","chr5",134527021,"T>C"
"A3B","chr5",134624326,"T>C"
"A3B","chr5",134628559,"T>C"
"A3B","chr5",138162262,"T>C"
"A3B","chr5",138321081,"T>C"
"A3B","chr5",138406260,"A>G"
"A3B","chr5",138561090,"G>A"
"A3B","chr5",138756605,"C>T"
"A3B","chr5",138879733,"A>G"
"A3B","chr5",139284349,"A>G"
"A3B","chr5",139368837,"C>T"
"A3B","chr5",139390440,"C>T"
"A3B","chr5",139395368,"C>T"
"A3B","chr5",139418194,"A>G"
"A3B","chr5",139562197,"A>G"
"A3B","chr5",139686744,"C>T"
"A3B","chr5",139697685,"A>G"
"A3B","chr5",140111983,"C>T"
"A3B","chr5",140558746,"G>A"
"A3B","chr5",140645539,"G>A"
"A3B","chr5",140647356,"G>A"
"A3B","chr5",140695016,"A>G"
"A3B","chr5",141269713,"T>C"
"A3B","chr5",141411112,"A>G"
"A3B","chr5",141823293,"T>C"
"A3B","chr5",141922943,"T>C"
"A3B","chr5",146131992,"G>A"
"A3B","chr5",146271606,"C>T"
"A3B","chr5",149535932,"T>C"
"A3B","chr5",150503348,"A>G"
"A3B","chr5",150503354,"A>G"
"A3B","chr5",150519054,"A>G"
"A3B","chr5",150648309,"C>T"
"A3B","chr5",151073788,"T>C"
"A3B","chr5",151268584,"A>G"
"A3B","chr5",154828829,"A>G"
"A3B","chr5",154966882,"C>T"
"A3B","chr5",157287824,"A>G"
"A3B","chr5",157319891,"C>T"
"A3B","chr5",157830156,"T>C"
"A3B","chr5",160113132,"T>C"
"A3B","chr5",168295482,"C>T"
"A3B","chr5",168358430,"A>G"
"A3B","chr5",168549487,"G>A"
"A3B","chr5",168555761,"G>A"
"A3B","chr5",171425949,"T>C"
"A3B","chr5",172280262,"T>C"
"A3B","chr5",172918336,"C>T"
"A3B","chr5",173067078,"A>G"
"A3B","chr5",173318652,"G>A"
"A3B","chr5",173320360,"G>A"
"A3B","chr5",173322934,"G>A"
"A3B","chr5",173325526,"G>A"
"A3B","chr5",176475625,"A>G"
"A3B","chr5",177137003,"C>T"
"A3B","chr5",177158442,"A>G"
"A3B","chr5",177177570,"A>G"
"A3B","chr5",177298648,"C>T"
"A3B","chr5",177320663,"T>C"
"A3B","chr5",177595503,"C>T"
"A3B","chr5",178216949,"T>C"
"A3B","chr5",178230686,"G>A"
"A3B","chr5",179617871,"G>A"
"A3B","chr5",179677109,"T>C"
"A3B","chr5",179729536,"C>T"
"A3B","chr5",179791723,"T>C"
"A3B","chr5",180294721,"C>T"
"A3B","chr5",180489973,"T>C"
"A3B","chr5",181249428,"A>G"
"A3B","chr5",181252784,"C>T"
"A3B","chr6",3147503,"A>G"
"A3B","chr6",3288856,"T>C"
"A3B","chr6",5148264,"T>C"
"A3B","chr6",5256566,"T>C"
"A3B","chr6",7181183,"C>T"
"A3B","chr6",7581058,"C>T"
"A3B","chr6",10730969,"C>T"
"A3B","chr6",10733000,"A>G"
"A3B","chr6",10755693,"A>G"
"A3B","chr6",12292121,"G>A"
"A3B","chr6",12296902,"G>A"
"A3B","chr6",12300468,"G>A"
"A3B","chr6",12311671,"T>C"
"A3B","chr6",12311695,"T>C"
"A3B","chr6",12752746,"C>T"
"A3B","chr6",12765841,"C>T"
"A3B","chr6",12771995,"C>T"
"A3B","chr6",12780741,"C>A"
"A3B","chr6",12787270,"C>T"
"A3B","chr6",12795406,"C>T"
"A3B","chr6",12874772,"C>T"
"A3B","chr6",12892037,"C>T"
"A3B","chr6",17436788,"A>G"
"A3B","chr6",17465241,"A>G"
"A3B","chr6",17467734,"A>G"
"A3B","chr6",17512135,"A>G"
"A3B","chr6",17518912,"A>G"
"A3B","chr6",17811973,"T>C"
"A3B","chr6",24706903,"T>C"
"A3B","chr6",24708896,"G>A"
"A3B","chr6",25976506,"A>G"
"A3B","chr6",25998715,"A>G"
"A3B","chr6",27895646,"C>T"
"A3B","chr6",28900829,"T>C"
"A3B","chr6",30068686,"C>T"
"A3B","chr6",31199453,"A>G"
"A3B","chr6",31777618,"G>A"
"A3B","chr6",31830830,"A>G"
"A3B","chr6",31840787,"A>G"
"A3B","chr6",31841084,"A>G"
"A3B","chr6",31913181,"A>G"
"A3B","chr6",33260496,"A>G"
"A3B","chr6",34332013,"T>C"
"A3B","chr6",34421940,"G>A"
"A3B","chr6",34587831,"G>A"
"A3B","chr6",34853200,"A>G"
"A3B","chr6",34909878,"C>T"
"A3B","chr6",35578685,"T>C"
"A3B","chr6",35648546,"T>C"
"A3B","chr6",36093370,"C>T"
"A3B","chr6",36544627,"T>C"
"A3B","chr6",38417523,"T>C"
"A3B","chr6",38643909,"A>G"
"A3B","chr6",41843657,"T>C"
"A3B","chr6",42028106,"T>C"
"A3B","chr6",42762680,"A>G"
"A3B","chr6",43136759,"A>G"
"A3B","chr6",43188540,"C>T"
"A3B","chr6",43534951,"T>C"
"A3B","chr6",53268995,"G>A"
"A3B","chr6",75109164,"G>A"
"A3B","chr6",75662387,"A>G"
"A3B","chr6",82366480,"C>T"
"A3B","chr6",106197287,"T>C"
"A3B","chr6",107947529,"T>C"
"A3B","chr6",108601219,"A>G"
"A3B","chr6",110787641,"T>C"
"A3B","chr6",119178352,"T>C"
"A3B","chr6",124968879,"C>T"
"A3B","chr6",125171904,"C>T"
"A3B","chr6",130839843,"G>A"
"A3B","chr6",142779186,"T>C"
"A3B","chr6",143486927,"A>G"
"A3B","chr6",143487300,"A>G"
"A3B","chr6",143487351,"A>G"
"A3B","chr6",149383835,"A>G"
"A3B","chr6",149862382,"G>A"
"A3B","chr6",151401487,"C>T"
"A3B","chr6",151813301,"C>T"
"A3B","chr6",151915063,"C>T"
"A3B","chr6",151940680,"C>T"
"A3B","chr6",151958972,"C>T"
"A3B","chr6",152087156,"C>T"
"A3B","chr6",154738064,"A>G"
"A3B","chr6",167039953,"C>T"
"A3B","chr6",169771927,"A>G"
"A3B","chr6",170391280,"A>G"
"A3B","chr6",170393057,"A>G"
"A3B","chr7",745675,"A>G"
"A3B","chr7",873895,"C>T"
"A3B","chr7",983893,"T>C"
"A3B","chr7",1543625,"G>A"
"A3B","chr7",1544265,"G>A"
"A3B","chr7",2253882,"T>C"
"A3B","chr7",2287699,"T>C"
"A3B","chr7",2434482,"A>G"
"A3B","chr7",2446528,"C>T"
"A3B","chr7",2559950,"A>G"
"A3B","chr7",2711829,"A>G"
"A3B","chr7",2719235,"C>T"
"A3B","chr7",4793633,"A>G"
"A3B","chr7",4991897,"C>T"
"A3B","chr7",5005805,"A>G"
"A3B","chr7",5434777,"A>G"
"A3B","chr7",5463402,"T>C"
"A3B","chr7",5466960,"T>C"
"A3B","chr7",5478681,"G>A"
"A3B","chr7",5480032,"T>C"
"A3B","chr7",5612432,"T>C"
"A3B","chr7",5612465,"T>C"
"A3B","chr7",5622561,"T>C"
"A3B","chr7",6058192,"T>C"
"A3B","chr7",6122528,"A>G"
"A3B","chr7",6128181,"A>G"
"A3B","chr7",6130119,"A>G"
"A3B","chr7",6597388,"A>G"
"A3B","chr7",6598985,"A>G"
"A3B","chr7",17837339,"T>C"
"A3B","chr7",22822783,"G>A"
"A3B","chr7",23188565,"A>G"
"A3B","chr7",23304723,"A>G"
"A3B","chr7",23511627,"T>C"
"A3B","chr7",23518891,"T>C"
"A3B","chr7",23525239,"G>A"
"A3B","chr7",26201849,"A>G"
"A3B","chr7",26781938,"G>A"
"A3B","chr7",27558425,"T>C"
"A3B","chr7",27654946,"T>C"
"A3B","chr7",30435771,"T>C"
"A3B","chr7",30577789,"G>A"
"A3B","chr7",30615994,"C>T"
"A3B","chr7",30876351,"A>G"
"A3B","chr7",30879378,"A>G"
"A3B","chr7",30904579,"A>G"
"A3B","chr7",32499102,"A>G"
"A3B","chr7",32523010,"A>G"
"A3B","chr7",36410670,"C>T"
"A3B","chr7",36441286,"C>T"
"A3B","chr7",36452553,"C>T"
"A3B","chr7",38748240,"G>A"
"A3B","chr7",39951389,"A>G"
"A3B","chr7",42924733,"G>A"
"A3B","chr7",44071075,"T>C"
"A3B","chr7",44071903,"T>C"
"A3B","chr7",44394955,"G>A"
"A3B","chr7",44400692,"G>A"
"A3B","chr7",44578570,"G>A"
"A3B","chr7",44579394,"C>T"
"A3B","chr7",44769536,"C>T"
"A3B","chr7",51131843,"T>C"
"A3B","chr7",55542754,"T>C"
"A3B","chr7",55930691,"A>G"
"A3B","chr7",56079724,"C>T"
"A3B","chr7",56096911,"A>G"
"A3B","chr7",64604206,"C>T"
"A3B","chr7",64797964,"A>G"
"A3B","chr7",64820798,"A>G"
"A3B","chr7",64923442,"A>G"
"A3B","chr7",65000553,"T>C"
"A3B","chr7",65975522,"T>C"
"A3B","chr7",66100683,"A>G"
"A3B","chr7",66154041,"A>G"
"A3B","chr7",66551447,"T>C"
"A3B","chr7",66653605,"T>C"
"A3B","chr7",66933214,"A>G"
"A3B","chr7",67017112,"A>G"
"A3B","chr7",70138997,"A>G"
"A3B","chr7",73475468,"T>C"
"A3B","chr7",73475477,"T>C"
"A3B","chr7",73747992,"A>G"
"A3B","chr7",73839025,"T>C"
"A3B","chr7",74461951,"A>G"
"A3B","chr7",74541505,"A>G"
"A3B","chr7",74596063,"A>G"
"A3B","chr7",76052894,"A>G"
"A3B","chr7",76052899,"A>G"
"A3B","chr7",76066435,"C>T"
"A3B","chr7",76345894,"T>C"
"A3B","chr7",77549712,"A>G"
"A3B","chr7",80872560,"T>C"
"A3B","chr7",80875138,"C>T"
"A3B","chr7",87153401,"C>T"
"A3B","chr7",92456565,"C>T"
"A3B","chr7",94666548,"C>T"
"A3B","chr7",98192947,"C>T"
"A3B","chr7",98263738,"A>G"
"A3B","chr7",98265427,"A>G"
"A3B","chr7",99019769,"A>G"
"A3B","chr7",99068546,"T>C"
"A3B","chr7",99446286,"T>C"
"A3B","chr7",99461641,"T>C"
"A3B","chr7",99519371,"A>G"
"A3B","chr7",99969217,"T>C"
"A3B","chr7",100052220,"A>G"
"A3B","chr7",101206165,"G>A"
"A3B","chr7",101864254,"A>G"
"A3B","chr7",101916207,"C>T"
"A3B","chr7",101990087,"A>G"
"A3B","chr7",102005571,"A>G"
"A3B","chr7",102139554,"A>G"
"A3B","chr7",102141646,"A>G"
"A3B","chr7",102283104,"C>T"
"A3B","chr7",102380029,"A>G"
"A3B","chr7",103359042,"A>G"
"A3B","chr7",105028566,"A>G"
"A3B","chr7",105052590,"A>G"
"A3B","chr7",105339713,"T>C"
"A3B","chr7",112453645,"A>G"
"A3B","chr7",128318036,"G>A"
"A3B","chr7",128409911,"G>A"
"A3B","chr7",128459911,"C>T"
"A3B","chr7",129602988,"T>C"
"A3B","chr7",129602996,"T>C"
"A3B","chr7",138977687,"G>A"
"A3B","chr7",139285948,"A>G"
"A3B","chr7",142880314,"G>A"
"A3B","chr7",149134359,"A>G"
"A3B","chr7",152401525,"T>C"
"A3B","chr7",157214843,"C>T"
"A3B","chr7",157218978,"C>T"
"A3B","chr7",157372998,"A>G"
"A3B","chr7",157373926,"A>G"
"A3B","chr7",157373953,"A>G"
"A3B","chr8",1844805,"A>G"
"A3B","chr8",8784301,"G>A"
"A3B","chr8",9782012,"A>G"
"A3B","chr8",11838712,"C>T"
"A3B","chr8",15623139,"C>T"
"A3B","chr8",17804443,"A>G"
"A3B","chr8",18057223,"G>A"
"A3B","chr8",22254442,"A>G"
"A3B","chr8",23571077,"C>T"
"A3B","chr8",26355609,"A>G"
"A3B","chr8",26402669,"A>G"
"A3B","chr8",28385584,"T>C"
"A3B","chr8",28443303,"T>C"
"A3B","chr8",28907870,"A>G"
"A3B","chr8",31072568,"A>G"
"A3B","chr8",37893594,"T>C"
"A3B","chr8",38347823,"G>A"
"A3B","chr8",38852785,"C>T"
"A3B","chr8",41621802,"C>T"
"A3B","chr8",42402135,"C>T"
"A3B","chr8",43076429,"A>G"
"A3B","chr8",47875046,"T>C"
"A3B","chr8",51884767,"G>A"
"A3B","chr8",52661113,"G>A"
"A3B","chr8",54098788,"T>C"
"A3B","chr8",65649436,"A>G"
"A3B","chr8",65652071,"A>G"
"A3B","chr8",65652081,"A>G"
"A3B","chr8",65685561,"C>T"
"A3B","chr8",65729596,"T>C"
"A3B","chr8",66679468,"C>T"
"A3B","chr8",67071005,"A>G"
"A3B","chr8",67198901,"G>A"
"A3B","chr8",67254654,"T>C"
"A3B","chr8",94654211,"A>G"
"A3B","chr8",94669790,"A>G"
"A3B","chr8",96333522,"C>T"
"A3B","chr8",98672375,"T>C"
"A3B","chr8",100927508,"T>C"
"A3B","chr8",101497234,"C>T"
"A3B","chr8",101498549,"C>T"
"A3B","chr8",101545623,"C>T"
"A3B","chr8",101548734,"C>T"
"A3B","chr8",101592364,"A>G"
"A3B","chr8",101592377,"A>G"
"A3B","chr8",102393924,"T>C"
"A3B","chr8",102405576,"T>C"
"A3B","chr8",106751306,"C>T"
"A3B","chr8",108220898,"T>C"
"A3B","chr8",115408609,"G>A"
"A3B","chr8",115409623,"G>A"
"A3B","chr8",115412995,"G>A"
"A3B","chr8",115414228,"G>A"
"A3B","chr8",115414708,"G>A"
"A3B","chr8",115435416,"G>A"
"A3B","chr8",115466763,"G>A"
"A3B","chr8",115485834,"G>A"
"A3B","chr8",115502692,"G>A"
"A3B","chr8",115513889,"G>A"
"A3B","chr8",115531988,"G>A"
"A3B","chr8",115561360,"G>A"
"A3B","chr8",115565137,"G>A"
"A3B","chr8",115569595,"G>A"
"A3B","chr8",115586249,"G>A"
"A3B","chr8",115587106,"G>A"
"A3B","chr8",115620910,"G>A"
"A3B","chr8",115628993,"G>A"
"A3B","chr8",115641049,"G>A"
"A3B","chr8",115650032,"G>A"
"A3B","chr8",115663246,"G>A"
"A3B","chr8",115705100,"G>A"
"A3B","chr8",116767946,"A>G"
"A3B","chr8",117940875,"G>A"
"A3B","chr8",122793169,"A>G"
"A3B","chr8",122881145,"C>T"
"A3B","chr8",122885624,"A>G"
"A3B","chr8",123014639,"G>A"
"A3B","chr8",123224589,"T>C"
"A3B","chr8",123330262,"T>C"
"A3B","chr8",123331034,"T>C"
"A3B","chr8",123519309,"T>C"
"A3B","chr8",123519319,"T>C"
"A3B","chr8",124553262,"G>A"
"A3B","chr8",125093434,"A>G"
"A3B","chr8",127977935,"A>G"
"A3B","chr8",127992334,"A>G"
"A3B","chr8",127992507,"A>G"
"A3B","chr8",130401517,"T>C"
"A3B","chr8",139857964,"T>C"
"A3B","chr8",140182062,"G>A"
"A3B","chr8",140692287,"T>C"
"A3B","chr8",142277214,"T>C"
"A3B","chr8",142669387,"T>C"
"A3B","chr8",142739089,"A>G"
"A3B","chr8",143267742,"A>G"
"A3B","chr8",143481169,"T>C"
"A3B","chr8",143566481,"T>C"
"A3B","chr8",143591071,"T>C"
"A3B","chr8",143725821,"G>A"
"A3B","chr8",143726294,"G>A"
"A3B","chr8",144035729,"G>A"
"A3B","chr8",144039507,"T>C"
"A3B","chr8",144292705,"A>G"
"A3B","chr8",144295836,"A>G"
"A3B","chr8",144307560,"T>C"
"A3B","chr8",144407354,"T>C"
"A3B","chr8",144460095,"T>C"
"A3B","chr8",144473504,"C>T"
"A3B","chr8",144550269,"T>C"
"A3B","chr8",144826099,"T>C"
"A3B","chr8",144998183,"T>C"
"A3B","chr9",5786845,"G>A"
"A3B","chr9",6487397,"A>G"
"A3B","chr9",12775548,"C>T"
"A3B","chr9",12775818,"C>T"
"A3B","chr9",12777087,"C>T"
"A3B","chr9",12778472,"C>T"
"A3B","chr9",12794150,"C>T"
"A3B","chr9",12795459,"C>T"
"A3B","chr9",12811913,"C>T"
"A3B","chr9",14200599,"G>A"
"A3B","chr9",14258991,"G>A"
"A3B","chr9",14296622,"G>A"
"A3B","chr9",14301290,"G>A"
"A3B","chr9",15294402,"G>A"
"A3B","chr9",15298627,"T>C"
"A3B","chr9",15409257,"A>G"
"A3B","chr9",15459849,"C>T"
"A3B","chr9",20574633,"T>C"
"A3B","chr9",33023502,"T>C"
"A3B","chr9",33112069,"G>A"
"A3B","chr9",33121393,"T>C"
"A3B","chr9",33122493,"T>C"
"A3B","chr9",33131237,"G>A"
"A3B","chr9",33148035,"T>C"
"A3B","chr9",33828518,"A>G"
"A3B","chr9",33835604,"A>G"
"A3B","chr9",33835627,"A>G"
"A3B","chr9",33836128,"A>G"
"A3B","chr9",33867715,"A>G"
"A3B","chr9",34008279,"T>C"
"A3B","chr9",34042614,"T>C"
"A3B","chr9",34192687,"A>G"
"A3B","chr9",34431367,"G>A"
"A3B","chr9",36339473,"G>A"
"A3B","chr9",37990818,"G>A"
"A3B","chr9",92276650,"G>A"
"A3B","chr9",98070828,"A>G"
"A3B","chr9",112386727,"A>G"
"A3B","chr9",113387232,"G>A"
"A3B","chr9",113396312,"T>C"
"A3B","chr9",114442826,"T>C"
"A3B","chr9",114456593,"T>C"
"A3B","chr9",114609652,"T>C"
"A3B","chr9",114674080,"A>G"
"A3B","chr9",120412626,"G>A"
"A3B","chr9",120443220,"G>A"
"A3B","chr9",120823632,"T>C"
"A3B","chr9",121179928,"G>A"
"A3B","chr9",121288180,"A>G"
"A3B","chr9",121784105,"A>G"
"A3B","chr9",122267274,"A>G"
"A3B","chr9",122901756,"T>C"
"A3B","chr9",122937738,"A>G"
"A3B","chr9",124737805,"T>C"
"A3B","chr9",125088338,"T>C"
"A3B","chr9",125149666,"G>A"
"A3B","chr9",125287454,"A>G"
"A3B","chr9",126449182,"A>G"
"A3B","chr9",126670736,"A>G"
"A3B","chr9",126989001,"A>G"
"A3B","chr9",127815137,"A>G"
"A3B","chr9",127953823,"G>A"
"A3B","chr9",128185669,"G>A"
"A3B","chr9",128341461,"C>T"
"A3B","chr9",128596064,"A>G"
"A3B","chr9",128637558,"T>C"
"A3B","chr9",128808407,"C>T"
"A3B","chr9",128907960,"C>T"
"A3B","chr9",129326055,"A>G"
"A3B","chr9",129738460,"G>A"
"A3B","chr9",129952140,"T>C"
"A3B","chr9",130123757,"A>G"
"A3B","chr9",130139155,"C>T"
"A3B","chr9",130604469,"A>G"
"A3B","chr9",130759824,"A>G"
"A3B","chr9",130890319,"A>G"
"A3B","chr9",131462236,"A>G"
"A3B","chr9",131499940,"C>T"
"A3B","chr9",131719750,"T>C"
"A3B","chr9",132273444,"T>C"
"A3B","chr9",132402162,"C>T"
"A3B","chr9",132690448,"A>G"
"A3B","chr9",133350872,"C>T"
"A3B","chr9",133362696,"T>C"
"A3B","chr9",134138016,"A>G"
"A3B","chr9",134440435,"C>T"
"A3B","chr9",136353152,"C>T"
"A3B","chr9",136441430,"T>C"
"A3B","chr9",136445642,"T>C"
"A3B","chr9",136826387,"C>T"
"A3B","chr9",137015781,"G>A"
"A3B","chr9",137038377,"T>C"
"A3B","chr9",137038717,"T>C"
"A3B","chr9",137044913,"T>C"
"A3B","chr9",137208582,"A>G"
"A3B","chr9",137510726,"G>A"
"A3B","chr9",137620661,"A>G"
"A3B","chr10",136141,"A>G"
"A3B","chr10",141422,"A>G"
"A3B","chr10",608775,"G>A"
"A3B","chr10",921630,"G>A"
"A3B","chr10",928847,"T>C"
"A3B","chr10",986012,"G>A"
"A3B","chr10",5692773,"A>G"
"A3B","chr10",5722183,"A>G"
"A3B","chr10",6176461,"A>G"
"A3B","chr10",6181241,"A>G"
"A3B","chr10",6217438,"C>T"
"A3B","chr10",6218041,"C>T"
"A3B","chr10",6293410,"A>G"
"A3B","chr10",8050853,"G>A"
"A3B","chr10",8052715,"C>T"
"A3B","chr10",8067176,"C>T"
"A3B","chr10",8876897,"G>A"
"A3B","chr10",8973214,"G>A"
"A3B","chr10",8976932,"G>A"
"A3B","chr10",12012524,"T>C"
"A3B","chr10",12025294,"T>C"
"A3B","chr10",17389891,"A>G"
"A3B","chr10",18303486,"T>C"
"A3B","chr10",21137905,"T>C"
"A3B","chr10",21742732,"C>T"
"A3B","chr10",21875415,"T>C"
"A3B","chr10",21877057,"T>C"
"A3B","chr10",27131934,"G>A"
"A3B","chr10",27154344,"G>A"
"A3B","chr10",27537863,"C>T"
"A3B","chr10",27538065,"C>T"
"A3B","chr10",28051627,"G>A"
"A3B","chr10",31902953,"T>C"
"A3B","chr10",32911920,"G>A"
"A3B","chr10",38055474,"C>T"
"A3B","chr10",38059269,"C>T"
"A3B","chr10",43356650,"T>C"
"A3B","chr10",59809719,"T>C"
"A3B","chr10",59809880,"T>C"
"A3B","chr10",63261332,"T>C"
"A3B","chr10",63279696,"T>C"
"A3B","chr10",63347720,"T>C"
"A3B","chr10",63358508,"T>C"
"A3B","chr10",63363099,"T>C"
"A3B","chr10",67929716,"T>C"
"A3B","chr10",68341204,"C>T"
"A3B","chr10",68347112,"T>C"
"A3B","chr10",68513095,"T>C"
"A3B","chr10",68777426,"A>G"
"A3B","chr10",68831218,"A>G"
"A3B","chr10",70204088,"T>C"
"A3B","chr10",71816568,"G>A"
"A3B","chr10",73551098,"T>C"
"A3B","chr10",73805278,"T>C"
"A3B","chr10",74209638,"A>G"
"A3B","chr10",74421541,"C>T"
"A3B","chr10",74895617,"A>G"
"A3B","chr10",75124146,"A>G"
"A3B","chr10",75133650,"A>G"
"A3B","chr10",77403108,"T>C"
"A3B","chr10",77494102,"G>A"
"A3B","chr10",77527919,"T>C"
"A3B","chr10",77792272,"G>A"
"A3B","chr10",78017606,"G>A"
"A3B","chr10",79062672,"T>C"
"A3B","chr10",79145742,"A>G"
"A3B","chr10",80523615,"A>G"
"A3B","chr10",84152792,"C>T"
"A3B","chr10",84380774,"A>G"
"A3B","chr10",84380824,"A>G"
"A3B","chr10",86511783,"T>C"
"A3B","chr10",86770318,"A>G"
"A3B","chr10",86926499,"A>G"
"A3B","chr10",87105868,"A>G"
"A3B","chr10",87110024,"A>G"
"A3B","chr10",87887789,"C>T"
"A3B","chr10",93337523,"G>A"
"A3B","chr10",93394374,"T>C"
"A3B","chr10",93694327,"G>A"
"A3B","chr10",94045851,"A>G"
"A3B","chr10",95675326,"T>C"
"A3B","chr10",96876738,"A>G"
"A3B","chr10",97224512,"T>C"
"A3B","chr10",97541268,"A>G"
"A3B","chr10",98144125,"A>G"
"A3B","chr10",100361173,"C>T"
"A3B","chr10",101007617,"C>T"
"A3B","chr10",101059424,"G>A"
"A3B","chr10",101066087,"C>T"
"A3B","chr10",101383896,"A>G"
"A3B","chr10",101688353,"G>A"
"A3B","chr10",101785934,"G>A"
"A3B","chr10",101790963,"G>A"
"A3B","chr10",101822449,"T>C"
"A3B","chr10",102106832,"G>A"
"A3B","chr10",102524279,"A>G"
"A3B","chr10",102525772,"A>G"
"A3B","chr10",102655155,"C>T"
"A3B","chr10",102738860,"C>T"
"A3B","chr10",102876492,"A>G"
"A3B","chr10",102941041,"A>G"
"A3B","chr10",102968673,"A>G"
"A3B","chr10",110925503,"A>G"
"A3B","chr10",110928030,"C>T"
"A3B","chr10",116900583,"G>A"
"A3B","chr10",116907922,"G>A"
"A3B","chr10",119139722,"T>C"
"A3B","chr10",124810264,"A>G"
"A3B","chr10",124938922,"A>G"
"A3B","chr10",125116241,"T>C"
"A3B","chr10",126917420,"C>T"
"A3B","chr10",126943968,"C>T"
"A3B","chr10",128101379,"G>A"
"A3B","chr10",132423363,"C>T"
"A3B","chr10",132423409,"C>T"
"A3B","chr10",133421126,"A>G"
"A3B","chr11",494401,"T>C"
"A3B","chr11",522166,"A>G"
"A3B","chr11",711096,"C>T"
"A3B","chr11",727597,"C>T"
"A3B","chr11",761457,"A>G"
"A3B","chr11",830855,"C>T"
"A3B","chr11",844389,"C>T"
"A3B","chr11",1752465,"G>A"
"A3B","chr11",2941239,"T>C"
"A3B","chr11",3149940,"G>A"
"A3B","chr11",3715756,"T>C"
"A3B","chr11",8612346,"G>A"
"A3B","chr11",9588843,"C>T"
"A3B","chr11",10861957,"A>G"
"A3B","chr11",17028336,"A>G"
"A3B","chr11",31684483,"A>G"
"A3B","chr11",33053407,"A>G"
"A3B","chr11",33139892,"G>A"
"A3B","chr11",33734403,"T>C"
"A3B","chr11",34481543,"G>A"
"A3B","chr11",34639036,"C>T"
"A3B","chr11",36114950,"A>G"
"A3B","chr11",36207414,"A>G"
"A3B","chr11",43402844,"C>T"
"A3B","chr11",44981862,"A>G"
"A3B","chr11",45975134,"T>C"
"A3B","chr11",46563184,"T>C"
"A3B","chr11",46578089,"T>C"
"A3B","chr11",46841810,"T>C"
"A3B","chr11",47164154,"T>C"
"A3B","chr11",47454402,"T>C"
"A3B","chr11",47550223,"T>C"
"A3B","chr11",47556867,"T>C"
"A3B","chr11",47738773,"T>C"
"A3B","chr11",47790218,"T>C"
"A3B","chr11",47841976,"T>C"
"A3B","chr11",57722270,"A>G"
"A3B","chr11",57740584,"C>T"
"A3B","chr11",57757431,"A>G"
"A3B","chr11",57773184,"A>G"
"A3B","chr11",57776493,"C>T"
"A3B","chr11",59152461,"C>T"
"A3B","chr11",59658133,"T>C"
"A3B","chr11",60925313,"C>T"
"A3B","chr11",61136446,"T>C"
"A3B","chr11",61256682,"T>C"
"A3B","chr11",61319200,"T>C"
"A3B","chr11",61453933,"A>G"
"A3B","chr11",61460115,"A>G"
"A3B","chr11",61520169,"T>C"
"A3B","chr11",61525087,"T>C"
"A3B","chr11",62515983,"G>A"
"A3B","chr11",62516188,"G>A"
"A3B","chr11",62529997,"G>A"
"A3B","chr11",62583558,"T>C"
"A3B","chr11",62625209,"G>A"
"A3B","chr11",62625503,"G>A"
"A3B","chr11",62703857,"T>C"
"A3B","chr11",62823527,"G>A"
"A3B","chr11",62852591,"G>A"
"A3B","chr11",62853017,"G>A"
"A3B","chr11",62853703,"G>A"
"A3B","chr11",63606329,"T>C"
"A3B","chr11",63688496,"A>G"
"A3B","chr11",63703574,"A>G"
"A3B","chr11",63850854,"A>G"
"A3B","chr11",63968089,"A>G"
"A3B","chr11",63968122,"A>G"
"A3B","chr11",63997920,"A>G"
"A3B","chr11",63999434,"A>G"
"A3B","chr11",64001061,"C>T"
"A3B","chr11",64006877,"C>T"
"A3B","chr11",64013811,"A>G"
"A3B","chr11",64097233,"T>C"
"A3B","chr11",64279921,"T>C"
"A3B","chr11",64795311,"T>C"
"A3B","chr11",65089953,"A>G"
"A3B","chr11",65286857,"C>T"
"A3B","chr11",65425652,"C>T"
"A3B","chr11",65428056,"C>T"
"A3B","chr11",65431271,"C>T"
"A3B","chr11",65436573,"C>T"
"A3B","chr11",65436866,"C>T"
"A3B","chr11",65441080,"C>T"
"A3B","chr11",65442018,"C>T"
"A3B","chr11",65443866,"C>T"
"A3B","chr11",65444937,"C>T"
"A3B","chr11",65498061,"C>T"
"A3B","chr11",65498321,"C>T"
"A3B","chr11",65498990,"C>T"
"A3B","chr11",65499884,"C>T"
"A3B","chr11",65500618,"C>T"
"A3B","chr11",65500772,"C>T"
"A3B","chr11",65501742,"C>T"
"A3B","chr11",65504613,"C>T"
"A3B","chr11",65539146,"G>A"
"A3B","chr11",65545046,"T>C"
"A3B","chr11",65567872,"T>C"
"A3B","chr11",65632765,"A>G"
"A3B","chr11",65666433,"A>G"
"A3B","chr11",66073802,"A>G"
"A3B","chr11",66129168,"A>G"
"A3B","chr11",66196123,"A>G"
"A3B","chr11",66532674,"C>T"
"A3B","chr11",66648463,"A>G"
"A3B","chr11",66791094,"C>T"
"A3B","chr11",66806131,"C>T"
"A3B","chr11",66836974,"T>C"
"A3B","chr11",67060608,"A>G"
"A3B","chr11",67063656,"A>G"
"A3B","chr11",67063756,"A>G"
"A3B","chr11",67064834,"A>G"
"A3B","chr11",67133795,"A>G"
"A3B","chr11",67144920,"A>G"
"A3B","chr11",67186826,"A>G"
"A3B","chr11",67298409,"C>T"
"A3B","chr11",67329391,"A>G"
"A3B","chr11",67427511,"T>C"
"A3B","chr11",68082908,"G>A"
"A3B","chr11",68103127,"T>C"
"A3B","chr11",68477449,"A>G"
"A3B","chr11",68477466,"A>G"
"A3B","chr11",68505576,"A>G"
"A3B","chr11",68589088,"A>G"
"A3B","chr11",68736468,"G>A"
"A3B","chr11",68746285,"G>A"
"A3B","chr11",68755439,"T>C"
"A3B","chr11",69096568,"A>G"
"A3B","chr11",70275864,"A>G"
"A3B","chr11",70393429,"T>C"
"A3B","chr11",70393432,"T>C"
"A3B","chr11",70756244,"G>A"
"A3B","chr11",70795648,"T>C"
"A3B","chr11",70950538,"T>C"
"A3B","chr11",71219973,"T>C"
"A3B","chr11",71492911,"A>G"
"A3B","chr11",72007858,"G>A"
"A3B","chr11",72043568,"T>C"
"A3B","chr11",72750320,"T>C"
"A3B","chr11",73129316,"T>C"
"A3B","chr11",73246203,"C>T"
"A3B","chr11",73701726,"T>C"
"A3B","chr11",73914926,"A>G"
"A3B","chr11",75834930,"A>G"
"A3B","chr11",76034223,"A>G"
"A3B","chr11",76801228,"C>T"
"A3B","chr11",78125770,"T>C"
"A3B","chr11",78458693,"G>A"
"A3B","chr11",83157399,"A>G"
"A3B","chr11",85958781,"G>A"
"A3B","chr11",86258808,"A>G"
"A3B","chr11",87084502,"A>G"
"A3B","chr11",93692701,"A>G"
"A3B","chr11",93722982,"A>G"
"A3B","chr11",93749224,"A>G"
"A3B","chr11",93765308,"A>G"
"A3B","chr11",93805857,"A>G"
"A3B","chr11",101030336,"G>A"
"A3B","chr11",101030625,"G>A"
"A3B","chr11",101031561,"G>A"
"A3B","chr11",101034778,"G>A"
"A3B","chr11",101035206,"G>A"
"A3B","chr11",101036788,"G>A"
"A3B","chr11",101058191,"G>A"
"A3B","chr11",101062476,"G>A"
"A3B","chr11",106262898,"C>T"
"A3B","chr11",106421205,"A>G"
"A3B","chr11",108022080,"A>G"
"A3B","chr11",108544387,"T>C"
"A3B","chr11",110266728,"T>C"
"A3B","chr11",115481270,"G>A"
"A3B","chr11",115501902,"G>A"
"A3B","chr11",117052097,"T>C"
"A3B","chr11",117170820,"C>T"
"A3B","chr11",117201327,"C>T"
"A3B","chr11",117201343,"C>T"
"A3B","chr11",117210630,"T>C"
"A3B","chr11",117211388,"T>C"
"A3B","chr11",117693794,"T>C"
"A3B","chr11",118472106,"C>T"
"A3B","chr11",118623768,"C>T"
"A3B","chr11",118776600,"T>C"
"A3B","chr11",118898247,"T>C"
"A3B","chr11",118906188,"T>C"
"A3B","chr11",118935763,"A>G"
"A3B","chr11",118936126,"A>G"
"A3B","chr11",118993909,"T>C"
"A3B","chr11",119046440,"G>A"
"A3B","chr11",119064627,"T>C"
"A3B","chr11",123058958,"G>A"
"A3B","chr11",124124337,"C>T"
"A3B","chr11",124747146,"C>T"
"A3B","chr11",125889994,"A>G"
"A3B","chr11",126285974,"A>G"
"A3B","chr11",126385023,"C>T"
"A3B","chr11",128980601,"G>A"
"A3B","chr11",129239141,"T>C"
"A3B","chr11",129865017,"G>A"
"A3B","chr11",130915454,"G>A"
"A3B","chr11",134152688,"G>A"
"A3B","chr11",134240773,"C>T"
"A3B","chr11",134240793,"C>T"
"A3B","chr12",290064,"T>C"
"A3B","chr12",1094678,"A>G"
"A3B","chr12",6570070,"G>A"
"A3B","chr12",6884455,"C>T"
"A3B","chr12",15161014,"A>G"
"A3B","chr12",16353240,"A>G"
"A3B","chr12",19303762,"A>G"
"A3B","chr12",26951520,"A>G"
"A3B","chr12",28401618,"A>G"
"A3B","chr12",32450261,"A>G"
"A3B","chr12",32478286,"A>G"
"A3B","chr12",45858254,"A>G"
"A3B","chr12",45970291,"T>C"
"A3B","chr12",46244844,"G>A"
"A3B","chr12",46359817,"G>A"
"A3B","chr12",47792290,"G>A"
"A3B","chr12",47968343,"C>T"
"A3B","chr12",48149343,"G>A"
"A3B","chr12",48712325,"T>C"
"A3B","chr12",48937652,"G>A"
"A3B","chr12",49038715,"G>A"
"A3B","chr12",49261928,"T>C"
"A3B","chr12",49273459,"A>G"
"A3B","chr12",49509995,"A>G"
"A3B","chr12",49572377,"A>G"
"A3B","chr12",49572982,"A>G"
"A3B","chr12",49996557,"T>C"
"A3B","chr12",50245158,"T>C"
"A3B","chr12",50274418,"T>C"
"A3B","chr12",50512381,"A>G"
"A3B","chr12",50542892,"A>G"
"A3B","chr12",50580584,"A>G"
"A3B","chr12",50617175,"A>G"
"A3B","chr12",50658847,"A>G"
"A3B","chr12",50674567,"C>T"
"A3B","chr12",50967916,"T>C"
"A3B","chr12",53006597,"C>T"
"A3B","chr12",53062068,"T>C"
"A3B","chr12",53208045,"T>C"
"A3B","chr12",53208053,"T>C"
"A3B","chr12",53405549,"A>G"
"A3B","chr12",53467914,"C>T"
"A3B","chr12",53581860,"T>C"
"A3B","chr12",53669006,"T>C"
"A3B","chr12",53992111,"C>T"
"A3B","chr12",53993741,"C>T"
"A3B","chr12",54013097,"C>T"
"A3B","chr12",54142454,"T>C"
"A3B","chr12",54277944,"T>C"
"A3B","chr12",54335946,"A>G"
"A3B","chr12",54380397,"T>C"
"A3B","chr12",55785928,"T>C"
"A3B","chr12",56004763,"C>T"
"A3B","chr12",56102299,"C>T"
"A3B","chr12",56150007,"T>C"
"A3B","chr12",56158692,"C>T"
"A3B","chr12",56643723,"G>A"
"A3B","chr12",56645070,"G>A"
"A3B","chr12",56667057,"T>C"
"A3B","chr12",57057911,"G>A"
"A3B","chr12",57385140,"T>C"
"A3B","chr12",57496532,"A>G"
"A3B","chr12",57513390,"A>G"
"A3B","chr12",57624597,"G>A"
"A3B","chr12",57758795,"C>T"
"A3B","chr12",62710359,"T>C"
"A3B","chr12",62773257,"T>C"
"A3B","chr12",62778018,"T>C"
"A3B","chr12",63851698,"A>G"
"A3B","chr12",64490241,"A>G"
"A3B","chr12",64714337,"G>A"
"A3B","chr12",64714376,"G>A"
"A3B","chr12",64818454,"A>G"
"A3B","chr12",65288050,"A>G"
"A3B","chr12",65332333,"C>T"
"A3B","chr12",67278192,"A>G"
"A3B","chr12",68629247,"A>G"
"A3B","chr12",68715213,"C>T"
"A3B","chr12",69255971,"A>G"
"A3B","chr12",69592986,"C>T"
"A3B","chr12",74540392,"C>T"
"A3B","chr12",79449922,"C>T"
"A3B","chr12",82408596,"C>T"
"A3B","chr12",82687368,"A>G"
"A3B","chr12",95042879,"T>C"
"A3B","chr12",95272781,"A>G"
"A3B","chr12",96012243,"G>A"
"A3B","chr12",98533828,"C>T"
"A3B","chr12",98534847,"C>T"
"A3B","chr12",98546415,"C>T"
"A3B","chr12",98638658,"T>C"
"A3B","chr12",100047403,"T>C"
"A3B","chr12",100320932,"A>G"
"A3B","chr12",103936540,"A>G"
"A3B","chr12",103975688,"A>G"
"A3B","chr12",104346974,"A>G"
"A3B","chr12",104757380,"C>T"
"A3B","chr12",106886627,"A>G"
"A3B","chr12",107693604,"A>G"
"A3B","chr12",107750969,"T>C"
"A3B","chr12",109870221,"T>C"
"A3B","chr12",109917380,"C>T"
"A3B","chr12",109964678,"G>A"
"A3B","chr12",110002015,"A>G"
"A3B","chr12",110444564,"T>C"
"A3B","chr12",110643698,"A>G"
"A3B","chr12",111433893,"T>C"
"A3B","chr12",111493168,"T>C"
"A3B","chr12",111505021,"T>C"
"A3B","chr12",111516348,"G>A"
"A3B","chr12",111558775,"T>C"
"A3B","chr12",111590792,"T>C"
"A3B","chr12",111766972,"A>G"
"A3B","chr12",111934517,"T>C"
"A3B","chr12",112013858,"A>G"
"A3B","chr12",112299381,"T>C"
"A3B","chr12",112300286,"T>C"
"A3B","chr12",112356577,"T>C"
"A3B","chr12",112431352,"A>G"
"A3B","chr12",112458778,"A>G"
"A3B","chr12",116008951,"G>A"
"A3B","chr12",116062875,"G>A"
"A3B","chr12",116116271,"G>A"
"A3B","chr12",116232765,"G>A"
"A3B","chr12",118137743,"A>G"
"A3B","chr12",118216268,"T>C"
"A3B","chr12",120701721,"A>G"
"A3B","chr12",120795219,"T>C"
"A3B","chr12",120863964,"T>C"
"A3B","chr12",121223148,"A>G"
"A3B","chr12",121248330,"G>A"
"A3B","chr12",121251599,"T>C"
"A3B","chr12",121418626,"A>G"
"A3B","chr12",121779949,"A>G"
"A3B","chr12",121795434,"G>A"
"A3B","chr12",122040269,"A>G"
"A3B","chr12",122041507,"A>G"
"A3B","chr12",122223218,"T>C"
"A3B","chr12",122325196,"T>C"
"A3B","chr12",122343967,"T>C"
"A3B","chr12",122407983,"T>C"
"A3B","chr12",122512493,"T>C"
"A3B","chr12",122854068,"C>T"
"A3B","chr12",122866876,"G>A"
"A3B","chr12",123387460,"C>T"
"A3B","chr12",123391251,"A>G"
"A3B","chr12",123418017,"T>C"
"A3B","chr12",123578837,"T>C"
"A3B","chr12",123583606,"T>C"
"A3B","chr12",123604003,"A>G"
"A3B","chr12",125130961,"A>G"
"A3B","chr12",125141088,"C>T"
"A3B","chr12",131849015,"C>T"
"A3B","chr12",131921764,"C>T"
"A3B","chr12",131922032,"C>T"
"A3B","chr12",131922592,"A>G"
"A3B","chr12",131927280,"T>C"
"A3B","chr12",132565567,"C>T"
"A3B","chr12",132738033,"T>C"
"A3B","chr12",132841101,"G>A"
"A3B","chr12",132950400,"G>A"
"A3B","chr12",132962547,"A>G"
"A3B","chr12",133098298,"A>G"
"A3B","chr13",19660242,"A>G"
"A3B","chr13",19681000,"T>C"
"A3B","chr13",19681015,"T>C"
"A3B","chr13",21051916,"T>C"
"A3B","chr13",21496582,"T>C"
"A3B","chr13",21499013,"T>C"
"A3B","chr13",21500553,"T>C"
"A3B","chr13",28231781,"A>G"
"A3B","chr13",32531607,"G>A"
"A3B","chr13",33265117,"G>A"
"A3B","chr13",33266768,"G>A"
"A3B","chr13",33280498,"G>A"
"A3B","chr13",33284197,"G>A"
"A3B","chr13",36983554,"T>C"
"A3B","chr13",36984373,"T>C"
"A3B","chr13",40993760,"T>C"
"A3B","chr13",42043473,"A>G"
"A3B","chr13",42053078,"A>G"
"A3B","chr13",44562314,"T>C"
"A3B","chr13",49918308,"T>C"
"A3B","chr13",50013799,"A>G"
"A3B","chr13",50046465,"G>A"
"A3B","chr13",50210545,"A>G"
"A3B","chr13",50601877,"A>G"
"A3B","chr13",98449213,"G>A"
"A3B","chr13",98455720,"G>A"
"A3B","chr13",98458890,"G>A"
"A3B","chr13",98467907,"G>A"
"A3B","chr13",98472160,"G>A"
"A3B","chr13",98474688,"G>A"
"A3B","chr13",98479412,"G>A"
"A3B","chr13",98486517,"G>A"
"A3B","chr13",98499013,"G>A"
"A3B","chr13",98504416,"G>A"
"A3B","chr13",98504673,"G>A"
"A3B","chr13",98507160,"G>A"
"A3B","chr13",98509920,"G>A"
"A3B","chr13",98510751,"G>A"
"A3B","chr13",98513867,"G>A"
"A3B","chr13",98526114,"G>A"
"A3B","chr13",98526779,"G>A"
"A3B","chr13",98527475,"G>A"
"A3B","chr13",98529076,"G>A"
"A3B","chr13",98537435,"G>A"
"A3B","chr13",98537774,"G>A"
"A3B","chr13",98539002,"G>A"
"A3B","chr13",98542868,"G>A"
"A3B","chr13",98544105,"G>A"
"A3B","chr13",98549440,"G>A"
"A3B","chr13",99635106,"A>G"
"A3B","chr13",108215783,"G>A"
"A3B","chr13",110627642,"C>T"
"A3B","chr13",113191065,"T>C"
"A3B","chr13",113192073,"T>C"
"A3B","chr13",113223671,"A>G"
"A3B","chr13",113422093,"G>A"
"A3B","chr14",23479783,"A>G"
"A3B","chr14",24228657,"T>C"
"A3B","chr14",24956958,"G>A"
"A3B","chr14",30916716,"T>C"
"A3B","chr14",31197263,"T>C"
"A3B","chr14",35027494,"A>G"
"A3B","chr14",35767847,"T>C"
"A3B","chr14",37569775,"A>G"
"A3B","chr14",39054082,"T>C"
"A3B","chr14",44963646,"A>G"
"A3B","chr14",44980226,"A>G"
"A3B","chr14",45139722,"A>G"
"A3B","chr14",49794513,"T>C"
"A3B","chr14",50143304,"T>C"
"A3B","chr14",52677693,"T>C"
"A3B","chr14",52756097,"A>G"
"A3B","chr14",54670365,"C>T"
"A3B","chr14",54790337,"C>T"
"A3B","chr14",55061136,"A>G"
"A3B","chr14",55191482,"G>A"
"A3B","chr14",55272120,"C>T"
"A3B","chr14",58295331,"T>C"
"A3B","chr14",58410004,"T>C"
"A3B","chr14",59324185,"A>G"
"A3B","chr14",60737781,"A>G"
"A3B","chr14",63632614,"T>C"
"A3B","chr14",63690168,"T>C"
"A3B","chr14",66794332,"A>G"
"A3B","chr14",67279348,"C>T"
"A3B","chr14",69382599,"T>C"
"A3B","chr14",70926841,"C>T"
"A3B","chr14",71337323,"A>G"
"A3B","chr14",71357085,"A>G"
"A3B","chr14",73069638,"A>G"
"A3B","chr14",73159315,"A>G"
"A3B","chr14",73276774,"G>A"
"A3B","chr14",73863976,"A>G"
"A3B","chr14",74000772,"T>C"
"A3B","chr14",74001847,"T>C"
"A3B","chr14",74735609,"A>G"
"A3B","chr14",77350697,"T>C"
"A3B","chr14",89257634,"T>C"
"A3B","chr14",89896884,"T>C"
"A3B","chr14",90304155,"G>A"
"A3B","chr14",90895277,"T>C"
"A3B","chr14",91125919,"A>G"
"A3B","chr14",91134956,"A>G"
"A3B","chr14",91287564,"T>C"
"A3B","chr14",91488106,"T>C"
"A3B","chr14",91507874,"T>C"
"A3B","chr14",93101702,"T>C"
"A3B","chr14",93239464,"C>T"
"A3B","chr14",94297388,"T>C"
"A3B","chr14",99986058,"A>G"
"A3B","chr14",100136942,"T>C"
"A3B","chr14",100138307,"C>T"
"A3B","chr14",100333924,"G>A"
"A3B","chr14",100334887,"G>A"
"A3B","chr14",102160083,"A>G"
"A3B","chr14",102233693,"G>A"
"A3B","chr14",102609708,"A>G"
"A3B","chr14",102803422,"C>T"
"A3B","chr14",102811779,"A>G"
"A3B","chr14",103502971,"C>T"
"A3B","chr14",103535960,"C>T"
"A3B","chr14",103539661,"A>G"
"A3B","chr14",103694925,"A>G"
"A3B","chr14",103812710,"T>C"
"A3B","chr14",104770122,"G>A"
"A3B","chr14",104803941,"A>G"
"A3B","chr14",105042319,"A>G"
"A3B","chr14",105045603,"C>T"
"A3B","chr14",105065565,"C>T"
"A3B","chr14",105358212,"A>G"
"A3B","chr15",22869549,"G>A"
"A3B","chr15",39596147,"C>T"
"A3B","chr15",40531005,"T>C"
"A3B","chr15",40765964,"T>C"
"A3B","chr15",40908252,"A>G"
"A3B","chr15",41275641,"A>G"
"A3B","chr15",41287401,"A>G"
"A3B","chr15",41345025,"A>G"
"A3B","chr15",41830292,"A>G"
"A3B","chr15",41830308,"A>G"
"A3B","chr15",42991375,"T>C"
"A3B","chr15",43794610,"A>G"
"A3B","chr15",44339959,"A>G"
"A3B","chr15",45691265,"T>A"
"A3B","chr15",50761685,"T>C"
"A3B","chr15",51939133,"T>C"
"A3B","chr15",51967442,"T>C"
"A3B","chr15",52381811,"G>A"
"A3B","chr15",52663868,"T>C"
"A3B","chr15",55904040,"T>C"
"A3B","chr15",63065674,"C>T"
"A3B","chr15",63324115,"G>A"
"A3B","chr15",63325147,"G>A"
"A3B","chr15",63325951,"G>A"
"A3B","chr15",63329036,"G>A"
"A3B","chr15",63340190,"G>A"
"A3B","chr15",63582162,"A>G"
"A3B","chr15",64374738,"T>C"
"A3B","chr15",64536061,"A>G"
"A3B","chr15",65504946,"T>C"
"A3B","chr15",67209939,"T>C"
"A3B","chr15",68065874,"A>G"
"A3B","chr15",69420855,"A>G"
"A3B","chr15",69460673,"T>C"
"A3B","chr15",70092818,"G>A"
"A3B","chr15",71147222,"A>G"
"A3B","chr15",71378837,"A>G"
"A3B","chr15",71570705,"C>T"
"A3B","chr15",71614935,"C>T"
"A3B","chr15",71637139,"A>G"
"A3B","chr15",72210471,"G>A"
"A3B","chr15",72488351,"A>G"
"A3B","chr15",74802829,"C>T"
"A3B","chr15",74843549,"T>C"
"A3B","chr15",75052049,"A>G"
"A3B","chr15",76204762,"G>A"
"A3B","chr15",76941108,"A>G"
"A3B","chr15",76942887,"A>G"
"A3B","chr15",81003174,"C>T"
"A3B","chr15",82182197,"T>C"
"A3B","chr15",84783200,"C>T"
"A3B","chr15",84980756,"A>G"
"A3B","chr15",89094225,"A>G"
"A3B","chr15",92599019,"G>A"
"A3B","chr15",98762323,"A>G"
"A3B","chr15",99701354,"A>G"
"A3B","chr15",100852770,"A>G"
"A3B","chr15",101186611,"T>C"
"A3B","chr15",101186632,"T>C"
"A3B","chr16",34374,"G>A"
"A3B","chr16",222420,"T>C"
"A3B","chr16",537389,"A>G"
"A3B","chr16",588073,"T>C"
"A3B","chr16",675963,"C>T"
"A3B","chr16",698505,"A>G"
"A3B","chr16",703836,"T>C"
"A3B","chr16",1187776,"A>G"
"A3B","chr16",1316230,"C>T"
"A3B","chr16",1433587,"T>C"
"A3B","chr16",1735314,"C>T"
"A3B","chr16",1736758,"C>T"
"A3B","chr16",1736816,"C>T"
"A3B","chr16",1737238,"C>T"
"A3B","chr16",1737278,"C>T"
"A3B","chr16",1739926,"C>T"
"A3B","chr16",1739950,"C>T"
"A3B","chr16",1740216,"C>T"
"A3B","chr16",1754502,"A>G"
"A3B","chr16",1779605,"C>T"
"A3B","chr16",1789765,"A>G"
"A3B","chr16",2154918,"G>A"
"A3B","chr16",2196461,"T>C"
"A3B","chr16",2255938,"T>C"
"A3B","chr16",2519839,"C>T"
"A3B","chr16",2534905,"A>G"
"A3B","chr16",2759929,"C>T"
"A3B","chr16",2940489,"A>G"
"A3B","chr16",2942937,"A>G"
"A3B","chr16",2949470,"C>T"
"A3B","chr16",2973623,"A>G"
"A3B","chr16",3021875,"C>T"
"A3B","chr16",3604566,"T>C"
"A3B","chr16",3615034,"A>G"
"A3B","chr16",3647742,"A>G"
"A3B","chr16",3691420,"T>C"
"A3B","chr16",3715702,"T>C"
"A3B","chr16",4253170,"T>C"
"A3B","chr16",4302195,"T>C"
"A3B","chr16",4718209,"T>C"
"A3B","chr16",4841373,"T>C"
"A3B","chr16",8641734,"C>T"
"A3B","chr16",8678273,"A>G"
"A3B","chr16",9142366,"A>G"
"A3B","chr16",10392930,"A>G"
"A3B","chr16",10452354,"A>G"
"A3B","chr16",10532415,"G>A"
"A3B","chr16",10570580,"T>C"
"A3B","chr16",11096079,"A>G"
"A3B","chr16",11571967,"T>C"
"A3B","chr16",11835626,"T>C"
"A3B","chr16",14075557,"A>G"
"A3B","chr16",14203997,"A>G"
"A3B","chr16",14471069,"T>C"
"A3B","chr16",15653927,"A>G"
"A3B","chr16",15661653,"A>G"
"A3B","chr16",15700467,"A>G"
"A3B","chr16",18794661,"G>A"
"A3B","chr16",18801525,"G>A"
"A3B","chr16",21175965,"A>G"
"A3B","chr16",23596271,"G>A"
"A3B","chr16",24802512,"A>G"
"A3B","chr16",25259352,"C>T"
"A3B","chr16",25259780,"A>G"
"A3B","chr16",28836759,"C>T"
"A3B","chr16",28837078,"C>T"
"A3B","chr16",28870993,"C>T"
"A3B","chr16",28874078,"C>T"
"A3B","chr16",28917455,"T>C"
"A3B","chr16",29587529,"T>C"
"A3B","chr16",29826376,"A>G"
"A3B","chr16",30069828,"A>T"
"A3B","chr16",30752544,"A>G"
"A3B","chr16",30855733,"T>C"
"A3B","chr16",31187244,"C>T"
"A3B","chr16",31187601,"C>T"
"A3B","chr16",31190337,"C>T"
"A3B","chr16",48117696,"T>C"
"A3B","chr16",48608089,"T>C"
"A3B","chr16",48609211,"T>C"
"A3B","chr16",53061368,"A>G"
"A3B","chr16",53142581,"A>G"
"A3B","chr16",54919079,"G>A"
"A3B","chr16",57170114,"T>C"
"A3B","chr16",57778158,"T>C"
"A3B","chr16",57782700,"T>C"
"A3B","chr16",58605420,"T>C"
"A3B","chr16",66692592,"T>C"
"A3B","chr16",66883487,"A>G"
"A3B","chr16",67173300,"C>T"
"A3B","chr16",67438220,"G>A"
"A3B","chr16",67589680,"A>G"
"A3B","chr16",67597417,"A>G"
"A3B","chr16",67599454,"A>G"
"A3B","chr16",67609003,"A>G"
"A3B","chr16",67616337,"A>G"
"A3B","chr16",67770058,"T>C"
"A3B","chr16",67870972,"C>T"
"A3B","chr16",68218336,"A>G"
"A3B","chr16",68771855,"A>G"
"A3B","chr16",68779295,"A>G"
"A3B","chr16",69326739,"G>A"
"A3B","chr16",69381767,"T>C"
"A3B","chr16",69640913,"A>G"
"A3B","chr16",69846942,"A>G"
"A3B","chr16",70529142,"C>T"
"A3B","chr16",71787399,"T>C"
"A3B","chr16",74326512,"G>A"
"A3B","chr16",74365028,"T>C"
"A3B","chr16",74464294,"G>A"
"A3B","chr16",75019973,"A>G"
"A3B","chr16",75074116,"C>T"
"A3B","chr16",75083984,"C>T"
"A3B","chr16",75331406,"T>C"
"A3B","chr16",75349159,"T>C"
"A3B","chr16",75432543,"T>C"
"A3B","chr16",75570173,"A>G"
"A3B","chr16",81336698,"A>G"
"A3B","chr16",81473965,"A>G"
"A3B","chr16",84099253,"G>A"
"A3B","chr16",84654386,"A>G"
"A3B","chr16",84727661,"G>A"
"A3B","chr16",85500908,"C>T"
"A3B","chr16",85539386,"A>G"
"A3B","chr16",85600467,"C>T"
"A3B","chr16",85675830,"C>T"
"A3B","chr16",85727135,"T>C"
"A3B","chr16",87738352,"G>A"
"A3B","chr16",88709276,"T>C"
"A3B","chr16",88715767,"G>A"
"A3B","chr16",88846424,"T>C"
"A3B","chr16",88848570,"T>C"
"A3B","chr16",88911474,"T>C"
"A3B","chr16",88924972,"T>C"
"A3B","chr16",89287087,"G>A"
"A3B","chr16",89297145,"G>A"
"A3B","chr16",89298865,"G>A"
"A3B","chr16",89348227,"T>C"
"A3B","chr16",89398136,"G>A"
"A3B","chr16",89540689,"C>T"
"A3B","chr16",89563103,"C>T"
"A3B","chr16",89694076,"C>T"
"A3B","chr16",89720731,"A>G"
"A3B","chr16",89829449,"C>T"
"A3B","chr16",89868946,"T>C"
"A3B","chr16",89881463,"A>G"
"A3B","chr16",89894947,"C>T"
"A3B","chr16",89928792,"A>G"
"A3B","chr16",89929391,"A>G"
"A3B","chr16",89929422,"A>G"
"A3B","chr16",90012319,"T>C"
"A3B","chr17",1573890,"T>C"
"A3B","chr17",1987770,"G>A"
"A3B","chr17",2346811,"A>G"
"A3B","chr17",2411496,"T>C"
"A3B","chr17",2597671,"A>G"
"A3B","chr17",2619265,"A>G"
"A3B","chr17",2675060,"A>G"
"A3B","chr17",3525062,"T>C"
"A3B","chr17",4144813,"A>G"
"A3B","chr17",5027126,"A>G"
"A3B","chr17",5290869,"A>G"
"A3B","chr17",5344907,"A>G"
"A3B","chr17",6995988,"T>C"
"A3B","chr17",7225162,"C>T"
"A3B","chr17",7263881,"A>G"
"A3B","chr17",7389863,"T>C"
"A3B","chr17",7419167,"A>G"
"A3B","chr17",7941918,"A>G"
"A3B","chr17",8160737,"G>A"
"A3B","chr17",8160753,"G>A"
"A3B","chr17",8470523,"A>G"
"A3B","chr17",16101691,"G>A"
"A3B","chr17",16439979,"C>T"
"A3B","chr17",17765120,"A>G"
"A3B","chr17",17917256,"T>C"
"A3B","chr17",17926856,"T>C"
"A3B","chr17",17939942,"T>C"
"A3B","chr17",17964748,"T>C"
"A3B","chr17",19253873,"A>G"
"A3B","chr17",19927333,"T>C"
"A3B","chr17",20307593,"C>T"
"A3B","chr17",21026418,"T>C"
"A3B","chr17",27313156,"C>T"
"A3B","chr17",28081917,"A>G"
"A3B","chr17",28135341,"A>G"
"A3B","chr17",28135506,"A>G"
"A3B","chr17",28577775,"G>A"
"A3B","chr17",28608629,"T>C"
"A3B","chr17",28614471,"C>T"
"A3B","chr17",28614986,"G>A"
"A3B","chr17",28656087,"T>C"
"A3B","chr17",28722579,"C>T"
"A3B","chr17",28750014,"C>T"
"A3B","chr17",29117014,"G>A"
"A3B","chr17",29278518,"T>C"
"A3B","chr17",29569949,"A>G"
"A3B","chr17",29753538,"T>C"
"A3B","chr17",29754805,"T>C"
"A3B","chr17",30761342,"A>G"
"A3B","chr17",30761346,"A>G"
"A3B","chr17",31268730,"A>G"
"A3B","chr17",31575488,"A>G"
"A3B","chr17",31990317,"A>G"
"A3B","chr17",32036320,"A>G"
"A3B","chr17",32144223,"A>G"
"A3B","chr17",32155574,"A>G"
"A3B","chr17",32156280,"A>G"
"A3B","chr17",32156523,"A>G"
"A3B","chr17",32199012,"C>T"
"A3B","chr17",34991004,"C>T"
"A3B","chr17",35086425,"T>C"
"A3B","chr17",36185928,"A>G"
"A3B","chr17",36530299,"T>C"
"A3B","chr17",38904320,"A>G"
"A3B","chr17",38909315,"A>G"
"A3B","chr17",39304694,"T>C"
"A3B","chr17",39478394,"A>G"
"A3B","chr17",39639729,"A>G"
"A3B","chr17",39733862,"A>G"
"A3B","chr17",39740599,"A>G"
"A3B","chr17",39916727,"T>C"
"A3B","chr17",39919337,"T>C"
"A3B","chr17",40188628,"C>T"
"A3B","chr17",40283065,"A>G"
"A3B","chr17",40388861,"G>A"
"A3B","chr17",41525769,"G>A"
"A3B","chr17",41802740,"G>A"
"A3B","chr17",41848789,"G>A"
"A3B","chr17",42254836,"T>C"
"A3B","chr17",42702336,"T>C"
"A3B","chr17",43002731,"C>T"
"A3B","chr17",44026331,"T>C"
"A3B","chr17",44050930,"T>C"
"A3B","chr17",44058999,"T>C"
"A3B","chr17",44059138,"T>C"
"A3B","chr17",44077463,"T>C"
"A3B","chr17",44205976,"G>A"
"A3B","chr17",44491603,"T>C"
"A3B","chr17",44491655,"T>C"
"A3B","chr17",44685045,"T>C"
"A3B","chr17",45060409,"T>C"
"A3B","chr17",45104577,"C>T"
"A3B","chr17",45251023,"A>G"
"A3B","chr17",45633743,"A>G"
"A3B","chr17",45916804,"A>G"
"A3B","chr17",46111284,"T>C"
"A3B","chr17",46200486,"T>C"
"A3B","chr17",46219625,"T>C"
"A3B","chr17",46709747,"A>G"
"A3B","chr17",46738868,"A>G"
"A3B","chr17",47647328,"T>C"
"A3B","chr17",47684675,"C>T"
"A3B","chr17",48050604,"C>T"
"A3B","chr17",48050874,"C>T"
"A3B","chr17",48059883,"C>T"
"A3B","chr17",48895827,"C>T"
"A3B","chr17",49678043,"G>A"
"A3B","chr17",49862721,"A>G"
"A3B","chr17",49907128,"A>G"
"A3B","chr17",50084817,"A>G"
"A3B","chr17",50454044,"A>G"
"A3B","chr17",51108152,"T>C"
"A3B","chr17",51190375,"T>C"
"A3B","chr17",57324307,"A>G"
"A3B","chr17",57919452,"T>C"
"A3B","chr17",57938933,"T>C"
"A3B","chr17",57943272,"T>C"
"A3B","chr17",57950745,"T>C"
"A3B","chr17",58405557,"T>C"
"A3B","chr17",59685781,"C>T"
"A3B","chr17",60337692,"T>C"
"A3B","chr17",60521038,"T>C"
"A3B","chr17",63432713,"G>A"
"A3B","chr17",63563028,"A>G"
"A3B","chr17",63565013,"A>G"
"A3B","chr17",64483733,"T>C"
"A3B","chr17",64491427,"T>C"
"A3B","chr17",64782259,"G>A"
"A3B","chr17",65044082,"T>C"
"A3B","chr17",67417365,"A>G"
"A3B","chr17",67732220,"A>G"
"A3B","chr17",68120889,"A>G"
"A3B","chr17",68313580,"A>G"
"A3B","chr17",73280799,"T>C"
"A3B","chr17",73299010,"T>C"
"A3B","chr17",74767758,"C>T"
"A3B","chr17",75510729,"T>C"
"A3B","chr17",75550720,"A>G"
"A3B","chr17",75902506,"T>C"
"A3B","chr17",76556838,"T>C"
"A3B","chr17",76558817,"C>T"
"A3B","chr17",77337283,"A>G"
"A3B","chr17",77499672,"C>T"
"A3B","chr17",78177145,"A>G"
"A3B","chr17",78222871,"C>T"
"A3B","chr17",78689474,"T>C"
"A3B","chr17",78794679,"T>C"
"A3B","chr17",78831604,"T>C"
"A3B","chr17",79957237,"T>C"
"A3B","chr17",79972470,"T>C"
"A3B","chr17",80148625,"A>G"
"A3B","chr17",80210149,"G>A"
"A3B","chr17",81388251,"G>A"
"A3B","chr17",81464268,"C>T"
"A3B","chr17",81510213,"G>A"
"A3B","chr17",81557445,"G>A"
"A3B","chr17",81557712,"G>A"
"A3B","chr17",81561618,"T>C"
"A3B","chr17",82036306,"G>A"
"A3B","chr17",82048551,"G>A"
"A3B","chr17",82158837,"T>C"
"A3B","chr17",82255552,"G>A"
"A3B","chr17",82272126,"T>C"
"A3B","chr17",82294441,"A>G"
"A3B","chr17",82442201,"C>T"
"A3B","chr17",82450431,"G>A"
"A3B","chr17",82566275,"C>T"
"A3B","chr17",82632446,"T>C"
"A3B","chr18",2669091,"A>G"
"A3B","chr18",9146291,"A>G"
"A3B","chr18",9186802,"A>G"
"A3B","chr18",9480132,"A>G"
"A3B","chr18",21596735,"T>C"
"A3B","chr18",26640218,"T>C"
"A3B","chr18",31929652,"T>C"
"A3B","chr18",31936705,"T>C"
"A3B","chr18",34565636,"A>G"
"A3B","chr18",39745728,"G>A"
"A3B","chr18",49488887,"G>A"
"A3B","chr18",57651681,"A>G"
"A3B","chr18",57751242,"T>C"
"A3B","chr18",57795812,"T>C"
"A3B","chr18",58143732,"G>A"
"A3B","chr18",59345985,"G>A"
"A3B","chr18",61869780,"G>A"
"A3B","chr18",74253620,"G>A"
"A3B","chr19",790633,"A>G"
"A3B","chr19",811626,"C>T"
"A3B","chr19",1077051,"C>T"
"A3B","chr19",1272898,"C>T"
"A3B","chr19",1475463,"T>C"
"A3B","chr19",1509799,"G>A"
"A3B","chr19",1825422,"T>C"
"A3B","chr19",1908688,"A>G"
"A3B","chr19",1989116,"A>G"
"A3B","chr19",1992252,"T>C"
"A3B","chr19",1998768,"T>C"
"A3B","chr19",2018853,"T>C"
"A3B","chr19",2047603,"T>C"
"A3B","chr19",2072972,"T>C"
"A3B","chr19",2143672,"T>C"
"A3B","chr19",2802829,"C>T"
"A3B","chr19",3395097,"A>G"
"A3B","chr19",3460867,"A>G"
"A3B","chr19",3468075,"A>G"
"A3B","chr19",3468855,"A>G"
"A3B","chr19",3522024,"A>G"
"A3B","chr19",3578690,"C>T"
"A3B","chr19",3740886,"A>G"
"A3B","chr19",3758296,"T>C"
"A3B","chr19",4088948,"T>C"
"A3B","chr19",4103612,"T>C"
"A3B","chr19",4324085,"G>A"
"A3B","chr19",5147622,"A>G"
"A3B","chr19",5629808,"A>G"
"A3B","chr19",6379856,"T>C"
"A3B","chr19",7221987,"T>C"
"A3B","chr19",7222424,"T>C"
"A3B","chr19",7403339,"A>G"
"A3B","chr19",7403414,"A>G"
"A3B","chr19",7520387,"A>G"
"A3B","chr19",7631493,"C>T"
"A3B","chr19",7901620,"A>G"
"A3B","chr19",7992900,"T>C"
"A3B","chr19",9413350,"G>A"
"A3B","chr19",10259950,"C>T"
"A3B","chr19",10286354,"C>T"
"A3B","chr19",10563761,"T>C"
"A3B","chr19",11061946,"C>T"
"A3B","chr19",11450902,"C>T"
"A3B","chr19",11611350,"A>G"
"A3B","chr19",11926417,"A>G"
"A3B","chr19",12549423,"G>A"
"A3B","chr19",12594992,"T>C"
"A3B","chr19",12669769,"G>A"
"A3B","chr19",12672603,"T>C"
"A3B","chr19",12675830,"G>A"
"A3B","chr19",12894129,"C>T"
"A3B","chr19",13735293,"A>G"
"A3B","chr19",13967308,"T>C"
"A3B","chr19",14149210,"T>C"
"A3B","chr19",14488988,"T>C"
"A3B","chr19",14568048,"T>C"
"A3B","chr19",14709081,"A>G"
"A3B","chr19",15195131,"G>A"
"A3B","chr19",15408128,"T>C"
"A3B","chr19",16382694,"G>A"
"A3B","chr19",16893477,"T>C"
"A3B","chr19",17405562,"G>A"
"A3B","chr19",17413219,"A>G"
"A3B","chr19",17511738,"A>G"
"A3B","chr19",18269953,"T>C"
"A3B","chr19",18269999,"T>C"
"A3B","chr19",18273574,"T>C"
"A3B","chr19",18277712,"T>C"
"A3B","chr19",18360405,"A>G"
"A3B","chr19",18575178,"C>T"
"A3B","chr19",18875053,"A>G"
"A3B","chr19",19330780,"A>G"
"A3B","chr19",19382303,"A>G"
"A3B","chr19",19528140,"C>T"
"A3B","chr19",19797394,"T>C"
"A3B","chr19",20036347,"T>C"
"A3B","chr19",20547900,"T>C"
"A3B","chr19",20642413,"T>C"
"A3B","chr19",21172537,"A>G"
"A3B","chr19",21299568,"T>C"
"A3B","chr19",23339039,"T>C"
"A3B","chr19",23380138,"T>C"
"A3B","chr19",32700547,"A>G"
"A3B","chr19",34269696,"A>G"
"A3B","chr19",34498099,"A>G"
"A3B","chr19",34501356,"C>T"
"A3B","chr19",35001114,"C>T"
"A3B","chr19",35658685,"C>T"
"A3B","chr19",36007445,"T>C"
"A3B","chr19",36570168,"T>C"
"A3B","chr19",36647798,"T>C"
"A3B","chr19",36669390,"C>T"
"A3B","chr19",36682029,"T>C"
"A3B","chr19",36804112,"A>G"
"A3B","chr19",36851318,"C>T"
"A3B","chr19",37306035,"A>G"
"A3B","chr19",38041165,"A>G"
"A3B","chr19",38050280,"A>G"
"A3B","chr19",38397123,"A>G"
"A3B","chr19",38398712,"A>G"
"A3B","chr19",38729776,"C>T"
"A3B","chr19",38730245,"C>T"
"A3B","chr19",38845175,"T>C"
"A3B","chr19",38931641,"A>G"
"A3B","chr19",38931806,"A>G"
"A3B","chr19",39996646,"G>A"
"A3B","chr19",40274669,"G>A"
"A3B","chr19",40315461,"T>C"
"A3B","chr19",40452375,"T>C"
"A3B","chr19",40479272,"A>G"
"A3B","chr19",40687811,"G>A"
"A3B","chr19",40687835,"G>A"
"A3B","chr19",40689760,"T>C"
"A3B","chr19",41867056,"A>G"
"A3B","chr19",41956771,"G>A"
"A3B","chr19",43496252,"T>C"
"A3B","chr19",43521294,"T>C"
"A3B","chr19",43570525,"T>C"
"A3B","chr19",44671589,"T>C"
"A3B","chr19",44909345,"C>T"
"A3B","chr19",44984941,"A>G"
"A3B","chr19",45081047,"A>G"
"A3B","chr19",45447206,"G>A"
"A3B","chr19",45549516,"T>C"
"A3B","chr19",46364361,"A>G"
"A3B","chr19",46842433,"T>C"
"A3B","chr19",46946833,"A>G"
"A3B","chr19",47028943,"A>G"
"A3B","chr19",47103629,"T>C"
"A3B","chr19",47132104,"A>G"
"A3B","chr19",47236544,"T>C"
"A3B","chr19",47236569,"T>C"
"A3B","chr19",47283924,"C>T"
"A3B","chr19",47610532,"A>G"
"A3B","chr19",48553750,"A>G"
"A3B","chr19",49665776,"G>A"
"A3B","chr19",50795593,"T>C"
"A3B","chr19",51368490,"A>G"
"A3B","chr19",52024084,"T>C"
"A3B","chr19",52402537,"A>G"
"A3B","chr19",52684017,"T>C"
"A3B","chr19",52726532,"T>C"
"A3B","chr19",54180099,"T>C"
"A3B","chr19",54204465,"A>G"
"A3B","chr19",55044152,"T>C"
"A3B","chr19",55051809,"A>G"
"A3B","chr19",55380896,"T>C"
"A3B","chr19",55389165,"A>G"
"A3B","chr19",55639997,"A>G"
"A3B","chr19",55640059,"A>G"
"A3B","chr19",55640233,"A>G"
"A3B","chr19",56084457,"T>C"
"A3B","chr19",56379466,"A>G"
"A3B","chr19",56393886,"C>T"
"A3B","chr19",57426187,"A>G"
"A3B","chr19",57688203,"A>G"
"A3B","chr19",57689513,"A>G"
"A3B","chr19",57708924,"A>G"
"A3B","chr19",57801268,"G>A"
"A3B","chr19",57807200,"G>A"
"A3B","chr19",57841852,"C>T"
"A3B","chr19",58419874,"A>G"
"A3B","chr20",848160,"A>G"
"A3B","chr20",2147823,"A>G"
"A3B","chr20",3259973,"C>T"
"A3B","chr20",3296193,"T>C"
"A3B","chr20",3874296,"C>T"
"A3B","chr20",3999042,"T>C"
"A3B","chr20",8454611,"C>T"
"A3B","chr20",17494297,"G>A"
"A3B","chr20",18298013,"C>T"
"A3B","chr20",19769676,"A>G"
"A3B","chr20",21126197,"C>T"
"A3B","chr20",23633716,"G>A"
"A3B","chr20",24963426,"G>A"
"A3B","chr20",25212045,"A>G"
"A3B","chr20",25410087,"A>G"
"A3B","chr20",25411841,"A>G"
"A3B","chr20",25611592,"T>C"
"A3B","chr20",31534417,"A>G"
"A3B","chr20",31580485,"A>G"
"A3B","chr20",31673107,"T>C"
"A3B","chr20",31683118,"T>C"
"A3B","chr20",31689373,"T>C"
"A3B","chr20",32300161,"A>G"
"A3B","chr20",32300682,"A>G"
"A3B","chr20",32390920,"A>G"
"A3B","chr20",32437082,"C>T"
"A3B","chr20",33363668,"T>C"
"A3B","chr20",33403867,"A>G"
"A3B","chr20",33500459,"A>G"
"A3B","chr20",33529862,"A>G"
"A3B","chr20",33574063,"A>G"
"A3B","chr20",33586408,"A>G"
"A3B","chr20",33592591,"A>G"
"A3B","chr20",33703469,"T>C"
"A3B","chr20",33705748,"T>C"
"A3B","chr20",34074005,"A>G"
"A3B","chr20",34093180,"G>A"
"A3B","chr20",34263546,"T>C"
"A3B","chr20",34373904,"A>G"
"A3B","chr20",34423704,"A>G"
"A3B","chr20",34451046,"A>G"
"A3B","chr20",34540652,"C>T"
"A3B","chr20",34750177,"G>A"
"A3B","chr20",34985784,"G>A"
"A3B","chr20",35340587,"T>C"
"A3B","chr20",35343440,"G>A"
"A3B","chr20",35402710,"T>C"
"A3B","chr20",35678243,"T>C"
"A3B","chr20",35699743,"C>T"
"A3B","chr20",35700789,"C>T"
"A3B","chr20",35723823,"T>C"
"A3B","chr20",35742214,"G>A"
"A3B","chr20",35816207,"A>G"
"A3B","chr20",35823343,"A>G"
"A3B","chr20",36513045,"A>G"
"A3B","chr20",36820193,"G>A"
"A3B","chr20",37517762,"G>A"
"A3B","chr20",38069598,"C>T"
"A3B","chr20",38429207,"T>C"
"A3B","chr20",38482903,"A>G"
"A3B","chr20",38603175,"C>T"
"A3B","chr20",38951181,"A>G"
"A3B","chr20",43461124,"C>T"
"A3B","chr20",44885869,"C>T"
"A3B","chr20",44904017,"C>T"
"A3B","chr20",45325897,"G>A"
"A3B","chr20",45807373,"A>G"
"A3B","chr20",45926749,"T>C"
"A3B","chr20",45942639,"A>G"
"A3B","chr20",47210069,"C>T"
"A3B","chr20",47515540,"A>G"
"A3B","chr20",48625139,"G>A"
"A3B","chr20",49034000,"C>T"
"A3B","chr20",49105930,"A>G"
"A3B","chr20",49136004,"T>C"
"A3B","chr20",49282243,"C>T"
"A3B","chr20",50090022,"T>C"
"A3B","chr20",50586637,"G>A"
"A3B","chr20",50745175,"A>G"
"A3B","chr20",50745525,"A>G"
"A3B","chr20",50746246,"C>T"
"A3B","chr20",50749953,"C>T"
"A3B","chr20",50894329,"G>A"
"A3B","chr20",50907998,"G>A"
"A3B","chr20",50908760,"T>C"
"A3B","chr20",50910355,"T>C"
"A3B","chr20",50944656,"G>A"
"A3B","chr20",53559360,"T>C"
"A3B","chr20",53569715,"G>A"
"A3B","chr20",53581687,"G>A"
"A3B","chr20",58694891,"C>T"
"A3B","chr20",58901670,"C>T"
"A3B","chr20",58910809,"C>T"
"A3B","chr20",59916404,"G>A"
"A3B","chr20",62167744,"A>G"
"A3B","chr20",62273685,"C>T"
"A3B","chr20",62308289,"G>A"
"A3B","chr20",62386108,"T>C"
"A3B","chr20",62855550,"T>C"
"A3B","chr20",63589311,"T>C"
"A3B","chr20",63611563,"T>C"
"A3B","chr20",63681973,"T>C"
"A3B","chr20",63694582,"T>C"
"A3B","chr20",63695078,"T>C"
"A3B","chr20",63903215,"A>G"
"A3B","chr20",63921802,"A>G"
"A3B","chr20",63935185,"C>T"
"A3B","chr20",63952549,"T>C"
"A3B","chr20",63956855,"G>A"
"A3B","chr20",64015936,"A>G"
"A3B","chr20",64261545,"A>G"
"A3B","chr21",8993420,"C>T"
"A3B","chr21",10425400,"A>G"
"A3B","chr21",15730329,"A>G"
"A3B","chr21",17515221,"A>G"
"A3B","chr21",21015727,"A>G"
"A3B","chr21",21284251,"C>T"
"A3B","chr21",25736300,"C>T"
"A3B","chr21",25881612,"G>A"
"A3B","chr21",29446430,"A>G"
"A3B","chr21",31726413,"T>C"
"A3B","chr21",32776660,"A>G"
"A3B","chr21",33345986,"A>G"
"A3B","chr21",33346078,"A>G"
"A3B","chr21",33432909,"A>G"
"A3B","chr21",33455072,"T>C"
"A3B","chr21",33554693,"C>T"
"A3B","chr21",34129066,"A>G"
"A3B","chr21",34869214,"G>A"
"A3B","chr21",36144012,"T>C"
"A3B","chr21",37410941,"A>G"
"A3B","chr21",39187507,"G>A"
"A3B","chr21",39349006,"G>A"
"A3B","chr21",40249292,"T>C"
"A3B","chr21",40383838,"C>T"
"A3B","chr21",41232771,"A>G"
"A3B","chr21",42312135,"G>A"
"A3B","chr21",42842270,"T>C"
"A3B","chr21",43927007,"A>G"
"A3B","chr21",43983540,"A>G"
"A3B","chr21",44330344,"C>T"
"A3B","chr21",44775917,"G>A"
"A3B","chr21",45225840,"C>T"
"A3B","chr21",46561485,"C>T"
"A3B","chr22",17054982,"C>T"
"A3B","chr22",17799384,"T>C"
"A3B","chr22",17847864,"T>C"
"A3B","chr22",17983166,"T>C"
"A3B","chr22",19102997,"T>C"
"A3B","chr22",19717133,"A>G"
"A3B","chr22",19984339,"T>C"
"A3B","chr22",20497535,"C>T"
"A3B","chr22",21849215,"T>C"
"A3B","chr22",23194821,"A>G"
"A3B","chr22",23646310,"T>C"
"A3B","chr22",25056564,"A>G"
"A3B","chr22",28513483,"T>C"
"A3B","chr22",28731728,"T>C"
"A3B","chr22",28795195,"G>A"
"A3B","chr22",28795341,"G>A"
"A3B","chr22",28795614,"G>A"
"A3B","chr22",29327939,"G>A"
"A3B","chr22",29508462,"G>A"
"A3B","chr22",29573307,"T>C"
"A3B","chr22",29824089,"T>C"
"A3B","chr22",30750457,"A>G"
"A3B","chr22",30920622,"G>A"
"A3B","chr22",31815646,"A>G"
"A3B","chr22",36372300,"T>C"
"A3B","chr22",37856345,"A>G"
"A3B","chr22",37890400,"A>G"
"A3B","chr22",37945400,"A>G"
"A3B","chr22",38090006,"C>T"
"A3B","chr22",38290917,"G>A"
"A3B","chr22",38665450,"A>G"
"A3B","chr22",38691036,"T>C"
"A3B","chr22",39053374,"A>G"
"A3B","chr22",39247751,"A>G"
"A3B","chr22",39247998,"A>G"
"A3B","chr22",41244108,"T>C"
"A3B","chr22",41244113,"T>C"
"A3B","chr22",41276403,"T>C"
"A3B","chr22",41357996,"A>G"
"A3B","chr22",41466864,"T>C"
"A3B","chr22",42264871,"G>A"
"A3B","chr22",42565718,"T>C"
"A3B","chr22",42572189,"G>A"
"A3B","chr22",42805031,"T>C"
"A3B","chr22",43948978,"C>T"
"A3B","chr22",44766009,"A>G"
"A3B","chr22",46292253,"A>G"
"A3B","chr22",46384495,"G>A"
"A3B","chr22",46507340,"T>C"
"A3B","chr22",49857850,"A>G"
"A3B","chr22",49965274,"A>G"
"A3B","chr22",50291288,"T>C"
"A3B","chrX",1311237,"A>G"
"A3B","chrX",10138832,"C>T"
"A3B","chrX",13708058,"A>G"
"A3B","chrX",16870167,"G>A"
"A3B","chrX",48708348,"C>T"
"A3B","chrX",48903898,"G>A"
"A3B","chrX",48969761,"G>A"
"A3B","chrX",53378988,"G>A"
"A3B","chrX",53379756,"G>A"
"A3B","chrX",54815878,"C>T"
"A3B","chrX",71573705,"C>T"
"A3B","chrX",73999009,"A>G"
"A3B","chrX",74215542,"G>A"
"A3B","chrX",102749456,"C>T"
"A3B","chrX",103586237,"C>T"
"A3B","chrX",103676458,"G>A"
"A3B","chrX",110176080,"C>T"
"A3B","chrX",153765204,"T>C"
"A3B","chrX",153922247,"G>A"
"A3B","chrX",153931661,"G>A"
"A3B","chrX",154351589,"T>C"
"A3B","chrX",154443358,"C>T"
"A3B","chrX",154476116,"A>G"
